year,country,value,indicator
2016,中国,0.0,5G覆盖率
2017,中国,0.0,5G覆盖率
2018,中国,0.0,5G覆盖率
2019,中国,5.0,5G覆盖率
2020,中国,46.0,5G覆盖率
2021,中国,85.0,5G覆盖率
2022,中国,90.0,5G覆盖率
2023,中国,95.0,5G覆盖率
2024,中国,95.0,5G覆盖率
2025,中国,98.0,5G覆盖率
2016,加拿大,0.0,5G覆盖率
2017,加拿大,0.0,5G覆盖率
2018,加拿大,0.0,5G覆盖率
2019,加拿大,10.0,5G覆盖率
2020,加拿大,40.0,5G覆盖率
2021,加拿大,88.0,5G覆盖率
2022,加拿大,91.0,5G覆盖率
2023,加拿大,96.0,5G覆盖率
2024,加拿大,96.0,5G覆盖率
2025,加拿大,96.0,5G覆盖率
2016,印度,0.0,5G覆盖率
2017,印度,0.0,5G覆盖率
2018,印度,0.0,5G覆盖率
2019,印度,0.0,5G覆盖率
2020,印度,0.0,5G覆盖率
2021,印度,0.0,5G覆盖率
2022,印度,5.0,5G覆盖率
2023,印度,60.0,5G覆盖率
2024,印度,90.0,5G覆盖率
2025,印度,100.0,5G覆盖率
2016,德国,0.0,5G覆盖率
2017,德国,0.0,5G覆盖率
2018,德国,0.0,5G覆盖率
2019,德国,10.0,5G覆盖率
2020,德国,45.0,5G覆盖率
2021,德国,91.0,5G覆盖率
2022,德国,95.0,5G覆盖率
2023,德国,96.0,5G覆盖率
2024,德国,96.0,5G覆盖率
2025,德国,99.0,5G覆盖率
2016,日本,0.0,5G覆盖率
2017,日本,0.0,5G覆盖率
2018,日本,0.0,5G覆盖率
2019,日本,10.0,5G覆盖率
2020,日本,25.0,5G覆盖率
2021,日本,70.0,5G覆盖率
2022,日本,90.0,5G覆盖率
2023,日本,99.7,5G覆盖率
2024,日本,99.9,5G覆盖率
2025,日本,100.0,5G覆盖率
2016,法国,0.0,5G覆盖率
2017,法国,0.0,5G覆盖率
2018,法国,0.0,5G覆盖率
2019,法国,10.0,5G覆盖率
2020,法国,30.0,5G覆盖率
2021,法国,60.0,5G覆盖率
2022,法国,80.0,5G覆盖率
2023,法国,93.0,5G覆盖率
2024,法国,99.0,5G覆盖率
2025,法国,99.0,5G覆盖率
2016,美国,0.0,5G覆盖率
2017,美国,0.0,5G覆盖率
2018,美国,0.0,5G覆盖率
2019,美国,5.0,5G覆盖率
2020,美国,35.0,5G覆盖率
2021,美国,74.0,5G覆盖率
2022,美国,94.0,5G覆盖率
2023,美国,97.0,5G覆盖率
2024,美国,97.4,5G覆盖率
2025,美国,99.0,5G覆盖率
2016,英国,0.0,5G覆盖率
2017,英国,0.0,5G覆盖率
2018,英国,0.0,5G覆盖率
2019,英国,10.0,5G覆盖率
2020,英国,30.0,5G覆盖率
2021,英国,46.0,5G覆盖率
2022,英国,67.0,5G覆盖率
2023,英国,85.0,5G覆盖率
2024,英国,85.0,5G覆盖率
2025,英国,95.0,5G覆盖率
2016,阿联酋,0.0,5G覆盖率
2017,阿联酋,0.0,5G覆盖率
2018,阿联酋,0.0,5G覆盖率
2019,阿联酋,10.0,5G覆盖率
2020,阿联酋,15.0,5G覆盖率
2021,阿联酋,30.0,5G覆盖率
2022,阿联酋,50.0,5G覆盖率
2023,阿联酋,90.0,5G覆盖率
2024,阿联酋,100.0,5G覆盖率
2025,阿联酋,100.0,5G覆盖率
2016,韩国,0.0,5G覆盖率
2017,韩国,0.0,5G覆盖率
2018,韩国,0.0,5G覆盖率
2019,韩国,20.0,5G覆盖率
2020,韩国,85.0,5G覆盖率
2021,韩国,95.0,5G覆盖率
2022,韩国,99.0,5G覆盖率
2023,韩国,99.9,5G覆盖率
2024,韩国,100.0,5G覆盖率
2025,韩国,100.0,5G覆盖率
2016,中国,15.6,AI_Book数量
2017,中国,19.2,AI_Book数量
2018,中国,32.5,AI_Book数量
2019,中国,22.8,AI_Book数量
2020,中国,18.9,AI_Book数量
2021,中国,12.7,AI_Book数量
2022,中国,11.0,AI_Book数量
2023,中国,29.3,AI_Book数量
2024,中国,9.5,AI_Book数量
2025,中国,6.0,AI_Book数量
2016,加拿大,3.0,AI_Book数量
2017,加拿大,7.6,AI_Book数量
2018,加拿大,5.8,AI_Book数量
2019,加拿大,6.0,AI_Book数量
2020,加拿大,13.9,AI_Book数量
2021,加拿大,5.7,AI_Book数量
2022,加拿大,7.5,AI_Book数量
2023,加拿大,13.3,AI_Book数量
2024,加拿大,0.0,AI_Book数量
2025,加拿大,0.0,AI_Book数量
2016,印度,15.5,AI_Book数量
2017,印度,12.5,AI_Book数量
2018,印度,30.8,AI_Book数量
2019,印度,27.4,AI_Book数量
2020,印度,22.5,AI_Book数量
2021,印度,18.9,AI_Book数量
2022,印度,12.8,AI_Book数量
2023,印度,10.6,AI_Book数量
2024,印度,5.8,AI_Book数量
2025,印度,4.0,AI_Book数量
2016,德国,16.2,AI_Book数量
2017,德国,11.0,AI_Book数量
2018,德国,16.6,AI_Book数量
2019,德国,16.1,AI_Book数量
2020,德国,22.5,AI_Book数量
2021,德国,23.0,AI_Book数量
2022,德国,11.4,AI_Book数量
2023,德国,13.6,AI_Book数量
2024,德国,7.4,AI_Book数量
2025,德国,3.0,AI_Book数量
2016,日本,8.1,AI_Book数量
2017,日本,1.7,AI_Book数量
2018,日本,14.7,AI_Book数量
2019,日本,12.0,AI_Book数量
2020,日本,9.2,AI_Book数量
2021,日本,2.9,AI_Book数量
2022,日本,7.0,AI_Book数量
2023,日本,9.9,AI_Book数量
2024,日本,0.3,AI_Book数量
2025,日本,2.0,AI_Book数量
2016,法国,16.2,AI_Book数量
2017,法国,9.3,AI_Book数量
2018,法国,15.1,AI_Book数量
2019,法国,11.4,AI_Book数量
2020,法国,6.5,AI_Book数量
2021,法国,2.3,AI_Book数量
2022,法国,11.9,AI_Book数量
2023,法国,7.4,AI_Book数量
2024,法国,8.0,AI_Book数量
2025,法国,1.0,AI_Book数量
2016,美国,24.1,AI_Book数量
2017,美国,34.5,AI_Book数量
2018,美国,56.0,AI_Book数量
2019,美国,35.1,AI_Book数量
2020,美国,47.0,AI_Book数量
2021,美国,37.6,AI_Book数量
2022,美国,34.4,AI_Book数量
2023,美国,31.0,AI_Book数量
2024,美国,15.8,AI_Book数量
2025,美国,2.0,AI_Book数量
2016,英国,16.2,AI_Book数量
2017,英国,12.0,AI_Book数量
2018,英国,21.1,AI_Book数量
2019,英国,15.3,AI_Book数量
2020,英国,9.2,AI_Book数量
2021,英国,10.1,AI_Book数量
2022,英国,17.6,AI_Book数量
2023,英国,12.7,AI_Book数量
2024,英国,1.0,AI_Book数量
2025,英国,0.5,AI_Book数量
2016,阿联酋,0.0,AI_Book数量
2017,阿联酋,0.0,AI_Book数量
2018,阿联酋,0.0,AI_Book数量
2019,阿联酋,0.0,AI_Book数量
2020,阿联酋,1.7,AI_Book数量
2021,阿联酋,0.3,AI_Book数量
2022,阿联酋,0.0,AI_Book数量
2023,阿联酋,2.0,AI_Book数量
2024,阿联酋,0.5,AI_Book数量
2025,阿联酋,0.3,AI_Book数量
2016,韩国,4.7,AI_Book数量
2017,韩国,2.2,AI_Book数量
2018,韩国,3.0,AI_Book数量
2019,韩国,2.7,AI_Book数量
2020,韩国,2.5,AI_Book数量
2021,韩国,2.3,AI_Book数量
2022,韩国,2.2,AI_Book数量
2023,韩国,2.0,AI_Book数量
2024,韩国,1.8,AI_Book数量
2025,韩国,1.5,AI_Book数量
2016,中国,2.0,AI_Dataset数量
2017,中国,15.0,AI_Dataset数量
2018,中国,3.4,AI_Dataset数量
2019,中国,36.3,AI_Dataset数量
2020,中国,6.9,AI_Dataset数量
2021,中国,26.2,AI_Dataset数量
2022,中国,37.6,AI_Dataset数量
2023,中国,79.9,AI_Dataset数量
2024,中国,7.0,AI_Dataset数量
2025,中国,5.0,AI_Dataset数量
2016,加拿大,0.0,AI_Dataset数量
2017,加拿大,2.0,AI_Dataset数量
2018,加拿大,12.3,AI_Dataset数量
2019,加拿大,35.0,AI_Dataset数量
2020,加拿大,12.0,AI_Dataset数量
2021,加拿大,11.8,AI_Dataset数量
2022,加拿大,25.4,AI_Dataset数量
2023,加拿大,31.3,AI_Dataset数量
2024,加拿大,0.0,AI_Dataset数量
2025,加拿大,0.0,AI_Dataset数量
2016,印度,0.0,AI_Dataset数量
2017,印度,12.0,AI_Dataset数量
2018,印度,7.6,AI_Dataset数量
2019,印度,3.6,AI_Dataset数量
2020,印度,13.1,AI_Dataset数量
2021,印度,5.1,AI_Dataset数量
2022,印度,8.0,AI_Dataset数量
2023,印度,22.0,AI_Dataset数量
2024,印度,1.0,AI_Dataset数量
2025,印度,1.0,AI_Dataset数量
2016,德国,6.0,AI_Dataset数量
2017,德国,54.8,AI_Dataset数量
2018,德国,78.1,AI_Dataset数量
2019,德国,70.3,AI_Dataset数量
2020,德国,171.3,AI_Dataset数量
2021,德国,147.2,AI_Dataset数量
2022,德国,170.2,AI_Dataset数量
2023,德国,160.7,AI_Dataset数量
2024,德国,1.0,AI_Dataset数量
2025,德国,1.0,AI_Dataset数量
2016,日本,2.0,AI_Dataset数量
2017,日本,18.0,AI_Dataset数量
2018,日本,4.0,AI_Dataset数量
2019,日本,6.0,AI_Dataset数量
2020,日本,14.8,AI_Dataset数量
2021,日本,28.0,AI_Dataset数量
2022,日本,13.3,AI_Dataset数量
2023,日本,35.9,AI_Dataset数量
2024,日本,0.0,AI_Dataset数量
2025,日本,1.0,AI_Dataset数量
2016,法国,2.0,AI_Dataset数量
2017,法国,42.0,AI_Dataset数量
2018,法国,58.8,AI_Dataset数量
2019,法国,85.0,AI_Dataset数量
2020,法国,74.4,AI_Dataset数量
2021,法国,59.5,AI_Dataset数量
2022,法国,96.4,AI_Dataset数量
2023,法国,100.9,AI_Dataset数量
2024,法国,10.3,AI_Dataset数量
2025,法国,5.0,AI_Dataset数量
2016,美国,45.0,AI_Dataset数量
2017,美国,46.0,AI_Dataset数量
2018,美国,57.0,AI_Dataset数量
2019,美国,147.7,AI_Dataset数量
2020,美国,125.9,AI_Dataset数量
2021,美国,108.5,AI_Dataset数量
2022,美国,122.4,AI_Dataset数量
2023,美国,188.0,AI_Dataset数量
2024,美国,27.3,AI_Dataset数量
2025,美国,10.0,AI_Dataset数量
2016,英国,1.0,AI_Dataset数量
2017,英国,21.2,AI_Dataset数量
2018,英国,39.1,AI_Dataset数量
2019,英国,39.9,AI_Dataset数量
2020,英国,76.8,AI_Dataset数量
2021,英国,33.5,AI_Dataset数量
2022,英国,34.0,AI_Dataset数量
2023,英国,79.5,AI_Dataset数量
2024,英国,21.7,AI_Dataset数量
2025,英国,8.0,AI_Dataset数量
2016,阿联酋,0.0,AI_Dataset数量
2017,阿联酋,0.0,AI_Dataset数量
2018,阿联酋,0.0,AI_Dataset数量
2019,阿联酋,0.0,AI_Dataset数量
2020,阿联酋,0.0,AI_Dataset数量
2021,阿联酋,0.0,AI_Dataset数量
2022,阿联酋,0.0,AI_Dataset数量
2023,阿联酋,1.3,AI_Dataset数量
2024,阿联酋,0.5,AI_Dataset数量
2025,阿联酋,0.3,AI_Dataset数量
2016,韩国,0.0,AI_Dataset数量
2017,韩国,0.0,AI_Dataset数量
2018,韩国,2.7,AI_Dataset数量
2019,韩国,10.3,AI_Dataset数量
2020,韩国,11.3,AI_Dataset数量
2021,韩国,4.0,AI_Dataset数量
2022,韩国,0.0,AI_Dataset数量
2023,韩国,8.5,AI_Dataset数量
2024,韩国,0.0,AI_Dataset数量
2025,韩国,0.0,AI_Dataset数量
2016,中国,900.0,AI企业数量
2017,中国,1200.0,AI企业数量
2018,中国,1600.0,AI企业数量
2019,中国,2000.0,AI企业数量
2020,中国,2600.0,AI企业数量
2021,中国,3400.0,AI企业数量
2022,中国,4227.0,AI企业数量
2023,中国,4484.0,AI企业数量
2024,中国,4800.0,AI企业数量
2025,中国,5200.0,AI企业数量
2016,加拿大,25.0,AI企业数量
2017,加拿大,80.0,AI企业数量
2018,加拿大,132.0,AI企业数量
2019,加拿大,214.0,AI企业数量
2020,加拿大,247.0,AI企业数量
2021,加拿大,300.0,AI企业数量
2022,加拿大,1915.0,AI企业数量
2023,加拿大,1500.0,AI企业数量
2024,加拿大,2170.0,AI企业数量
2025,加拿大,2400.0,AI企业数量
2016,印度,1600.0,AI企业数量
2017,印度,1800.0,AI企业数量
2018,印度,2000.0,AI企业数量
2019,印度,2300.0,AI企业数量
2020,印度,2600.0,AI企业数量
2021,印度,3000.0,AI企业数量
2022,印度,3000.0,AI企业数量
2023,印度,4000.0,AI企业数量
2024,印度,4500.0,AI企业数量
2025,印度,5000.0,AI企业数量
2016,德国,300.0,AI企业数量
2017,德国,350.0,AI企业数量
2018,德国,400.0,AI企业数量
2019,德国,450.0,AI企业数量
2020,德国,500.0,AI企业数量
2021,德国,550.0,AI企业数量
2022,德国,502.0,AI企业数量
2023,德国,687.0,AI企业数量
2024,德国,750.0,AI企业数量
2025,德国,820.0,AI企业数量
2016,日本,700.0,AI企业数量
2017,日本,800.0,AI企业数量
2018,日本,900.0,AI企业数量
2019,日本,1000.0,AI企业数量
2020,日本,1100.0,AI企业数量
2021,日本,1200.0,AI企业数量
2022,日本,1400.0,AI企业数量
2023,日本,2100.0,AI企业数量
2024,日本,2400.0,AI企业数量
2025,日本,2700.0,AI企业数量
2016,法国,350.0,AI企业数量
2017,法国,400.0,AI企业数量
2018,法国,450.0,AI企业数量
2019,法国,500.0,AI企业数量
2020,法国,550.0,AI企业数量
2021,法国,600.0,AI企业数量
2022,法国,650.0,AI企业数量
2023,法国,590.0,AI企业数量
2024,法国,640.0,AI企业数量
2025,法国,700.0,AI企业数量
2016,美国,3500.0,AI企业数量
2017,美国,4000.0,AI企业数量
2018,美国,4500.0,AI企业数量
2019,美国,4800.0,AI企业数量
2020,美国,5000.0,AI企业数量
2021,美国,5200.0,AI企业数量
2022,美国,5300.0,AI企业数量
2023,美国,5509.0,AI企业数量
2024,美国,5800.0,AI企业数量
2025,美国,6100.0,AI企业数量
2016,英国,450.0,AI企业数量
2017,英国,520.0,AI企业数量
2018,英国,600.0,AI企业数量
2019,英国,650.0,AI企业数量
2020,英国,700.0,AI企业数量
2021,英国,750.0,AI企业数量
2022,英国,3170.0,AI企业数量
2023,英国,3500.0,AI企业数量
2024,英国,3800.0,AI企业数量
2025,英国,4100.0,AI企业数量
2016,阿联酋,50.0,AI企业数量
2017,阿联酋,70.0,AI企业数量
2018,阿联酋,100.0,AI企业数量
2019,阿联酋,150.0,AI企业数量
2020,阿联酋,200.0,AI企业数量
2021,阿联酋,260.0,AI企业数量
2022,阿联酋,320.0,AI企业数量
2023,阿联酋,400.0,AI企业数量
2024,阿联酋,500.0,AI企业数量
2025,阿联酋,650.0,AI企业数量
2016,韩国,250.0,AI企业数量
2017,韩国,300.0,AI企业数量
2018,韩国,350.0,AI企业数量
2019,韩国,400.0,AI企业数量
2020,韩国,453.0,AI企业数量
2021,韩国,502.0,AI企业数量
2022,韩国,550.0,AI企业数量
2023,韩国,2354.0,AI企业数量
2024,韩国,2600.0,AI企业数量
2025,韩国,2850.0,AI企业数量
2016,中国,5.0,AI市场规模
2017,中国,7.5,AI市场规模
2018,中国,10.0,AI市场规模
2019,中国,15.0,AI市场规模
2020,中国,25.0,AI市场规模
2021,中国,40.0,AI市场规模
2022,中国,60.0,AI市场规模
2023,中国,90.0,AI市场规模
2024,中国,125.0,AI市场规模
2025,中国,115.0,AI市场规模
2016,加拿大,0.3,AI市场规模
2017,加拿大,0.5,AI市场规模
2018,加拿大,0.7,AI市场规模
2019,加拿大,1.0,AI市场规模
2020,加拿大,1.5,AI市场规模
2021,加拿大,2.4,AI市场规模
2022,加拿大,3.6,AI市场规模
2023,加拿大,5.4,AI市场规模
2024,加拿大,7.5,AI市场规模
2025,加拿大,8.0,AI市场规模
2016,印度,0.2,AI市场规模
2017,印度,0.3,AI市场规模
2018,印度,0.5,AI市场规模
2019,印度,0.8,AI市场规模
2020,印度,1.2,AI市场规模
2021,印度,2.0,AI市场规模
2022,印度,3.0,AI市场规模
2023,印度,5.0,AI市场规模
2024,印度,7.0,AI市场规模
2025,印度,11.0,AI市场规模
2016,德国,0.8,AI市场规模
2017,德国,1.2,AI市场规模
2018,德国,1.6,AI市场规模
2019,德国,2.4,AI市场规模
2020,德国,4.0,AI市场规模
2021,德国,6.4,AI市场规模
2022,德国,9.6,AI市场规模
2023,德国,14.4,AI市场规模
2024,德国,20.0,AI市场规模
2025,德国,22.0,AI市场规模
2016,日本,0.6,AI市场规模
2017,日本,0.9,AI市场规模
2018,日本,1.2,AI市场规模
2019,日本,1.8,AI市场规模
2020,日本,3.0,AI市场规模
2021,日本,4.8,AI市场规模
2022,日本,7.2,AI市场规模
2023,日本,10.8,AI市场规模
2024,日本,15.0,AI市场规模
2025,日本,16.0,AI市场规模
2016,法国,0.4,AI市场规模
2017,法国,0.6,AI市场规模
2018,法国,0.8,AI市场规模
2019,法国,1.2,AI市场规模
2020,法国,2.0,AI市场规模
2021,法国,3.2,AI市场规模
2022,法国,4.8,AI市场规模
2023,法国,7.2,AI市场规模
2024,法国,10.0,AI市场规模
2025,法国,11.0,AI市场规模
2016,美国,10.0,AI市场规模
2017,美国,15.0,AI市场规模
2018,美国,20.0,AI市场规模
2019,美国,30.0,AI市场规模
2020,美国,50.0,AI市场规模
2021,美国,80.0,AI市场规模
2022,美国,120.0,AI市场规模
2023,美国,180.0,AI市场规模
2024,美国,250.0,AI市场规模
2025,美国,371.7,AI市场规模
2016,英国,1.0,AI市场规模
2017,英国,1.5,AI市场规模
2018,英国,2.0,AI市场规模
2019,英国,3.0,AI市场规模
2020,英国,5.0,AI市场规模
2021,英国,8.0,AI市场规模
2022,英国,12.0,AI市场规模
2023,英国,18.0,AI市场规模
2024,英国,25.0,AI市场规模
2025,英国,28.0,AI市场规模
2016,阿联酋,0.1,AI市场规模
2017,阿联酋,0.2,AI市场规模
2018,阿联酋,0.3,AI市场规模
2019,阿联酋,0.5,AI市场规模
2020,阿联酋,1.0,AI市场规模
2021,阿联酋,2.0,AI市场规模
2022,阿联酋,3.0,AI市场规模
2023,阿联酋,5.0,AI市场规模
2024,阿联酋,7.0,AI市场规模
2025,阿联酋,8.0,AI市场规模
2016,韩国,0.5,AI市场规模
2017,韩国,0.7,AI市场规模
2018,韩国,1.0,AI市场规模
2019,韩国,1.5,AI市场规模
2020,韩国,2.5,AI市场规模
2021,韩国,4.0,AI市场规模
2022,韩国,6.0,AI市场规模
2023,韩国,9.0,AI市场规模
2024,韩国,12.5,AI市场规模
2025,韩国,13.0,AI市场规模
2016,中国,2.9,AI应用渗透率
2017,中国,3.8,AI应用渗透率
2018,中国,5.5,AI应用渗透率
2019,中国,59.0,AI应用渗透率
2020,中国,15.1,AI应用渗透率
2021,中国,58.0,AI应用渗透率
2022,中国,58.0,AI应用渗透率
2023,中国,60.0,AI应用渗透率
2024,中国,63.0,AI应用渗透率
2025,中国,66.0,AI应用渗透率
2016,加拿大,1.0,AI应用渗透率
2017,加拿大,1.8,AI应用渗透率
2018,加拿大,3.4,AI应用渗透率
2019,加拿大,5.0,AI应用渗透率
2020,加拿大,6.0,AI应用渗透率
2021,加拿大,28.0,AI应用渗透率
2022,加拿大,31.0,AI应用渗透率
2023,加拿大,29.0,AI应用渗透率
2024,加拿大,35.0,AI应用渗透率
2025,加拿大,40.0,AI应用渗透率
2016,印度,0.8,AI应用渗透率
2017,印度,1.2,AI应用渗透率
2018,印度,2.1,AI应用渗透率
2019,印度,4.2,AI应用渗透率
2020,印度,5.5,AI应用渗透率
2021,印度,43.0,AI应用渗透率
2022,印度,57.0,AI应用渗透率
2023,印度,59.0,AI应用渗透率
2024,印度,62.0,AI应用渗透率
2025,印度,65.0,AI应用渗透率
2016,德国,1.0,AI应用渗透率
2017,德国,1.8,AI应用渗透率
2018,德国,3.0,AI应用渗透率
2019,德国,5.5,AI应用渗透率
2020,德国,6.0,AI应用渗透率
2021,德国,11.0,AI应用渗透率
2022,德国,28.0,AI应用渗透率
2023,德国,35.0,AI应用渗透率
2024,德国,40.0,AI应用渗透率
2025,德国,45.0,AI应用渗透率
2016,日本,1.1,AI应用渗透率
2017,日本,1.9,AI应用渗透率
2018,日本,3.2,AI应用渗透率
2019,日本,6.8,AI应用渗透率
2020,日本,7.0,AI应用渗透率
2021,日本,24.3,AI应用渗透率
2022,日本,26.0,AI应用渗透率
2023,日本,32.0,AI应用渗透率
2024,日本,38.0,AI应用渗透率
2025,日本,42.0,AI应用渗透率
2016,法国,0.9,AI应用渗透率
2017,法国,1.5,AI应用渗透率
2018,法国,2.8,AI应用渗透率
2019,法国,5.5,AI应用渗透率
2020,法国,6.0,AI应用渗透率
2021,法国,7.0,AI应用渗透率
2022,法国,31.0,AI应用渗透率
2023,法国,28.0,AI应用渗透率
2024,法国,34.0,AI应用渗透率
2025,法国,40.0,AI应用渗透率
2016,美国,1.5,AI应用渗透率
2017,美国,2.1,AI应用渗透率
2018,美国,2.9,AI应用渗透率
2019,美国,3.3,AI应用渗透率
2020,美国,3.6,AI应用渗透率
2021,美国,3.7,AI应用渗透率
2022,美国,3.8,AI应用渗透率
2023,美国,3.8,AI应用渗透率
2024,美国,5.4,AI应用渗透率
2025,美国,7.0,AI应用渗透率
2016,英国,1.2,AI应用渗透率
2017,英国,2.0,AI应用渗透率
2018,英国,3.5,AI应用渗透率
2019,英国,6.0,AI应用渗透率
2020,英国,7.0,AI应用渗透率
2021,英国,26.0,AI应用渗透率
2022,英国,26.0,AI应用渗透率
2023,英国,29.0,AI应用渗透率
2024,英国,33.0,AI应用渗透率
2025,英国,38.0,AI应用渗透率
2016,阿联酋,2.0,AI应用渗透率
2017,阿联酋,3.0,AI应用渗透率
2018,阿联酋,18.0,AI应用渗透率
2019,阿联酋,22.0,AI应用渗透率
2020,阿联酋,28.0,AI应用渗透率
2021,阿联酋,45.0,AI应用渗透率
2022,阿联酋,65.0,AI应用渗透率
2023,阿联酋,65.0,AI应用渗透率
2024,阿联酋,74.0,AI应用渗透率
2025,阿联酋,80.0,AI应用渗透率
2016,韩国,1.3,AI应用渗透率
2017,韩国,2.2,AI应用渗透率
2018,韩国,3.9,AI应用渗透率
2019,韩国,3.0,AI应用渗透率
2020,韩国,4.0,AI应用渗透率
2021,韩国,15.0,AI应用渗透率
2022,韩国,22.0,AI应用渗透率
2023,韩国,28.0,AI应用渗透率
2024,韩国,32.0,AI应用渗透率
2025,韩国,36.0,AI应用渗透率
2016,中国,2.0,AI政策数量
2017,中国,5.0,AI政策数量
2018,中国,10.0,AI政策数量
2019,中国,15.0,AI政策数量
2020,中国,20.0,AI政策数量
2021,中国,30.0,AI政策数量
2022,中国,40.0,AI政策数量
2023,中国,50.0,AI政策数量
2024,中国,60.0,AI政策数量
2025,中国,70.0,AI政策数量
2016,加拿大,1.0,AI政策数量
2017,加拿大,2.0,AI政策数量
2018,加拿大,3.0,AI政策数量
2019,加拿大,5.0,AI政策数量
2020,加拿大,7.0,AI政策数量
2021,加拿大,10.0,AI政策数量
2022,加拿大,12.0,AI政策数量
2023,加拿大,15.0,AI政策数量
2024,加拿大,18.0,AI政策数量
2025,加拿大,20.0,AI政策数量
2016,印度,0.0,AI政策数量
2017,印度,1.0,AI政策数量
2018,印度,2.0,AI政策数量
2019,印度,3.0,AI政策数量
2020,印度,5.0,AI政策数量
2021,印度,7.0,AI政策数量
2022,印度,10.0,AI政策数量
2023,印度,12.0,AI政策数量
2024,印度,15.0,AI政策数量
2025,印度,18.0,AI政策数量
2016,德国,1.0,AI政策数量
2017,德国,2.0,AI政策数量
2018,德国,3.0,AI政策数量
2019,德国,5.0,AI政策数量
2020,德国,7.0,AI政策数量
2021,德国,10.0,AI政策数量
2022,德国,13.0,AI政策数量
2023,德国,15.0,AI政策数量
2024,德国,18.0,AI政策数量
2025,德国,20.0,AI政策数量
2016,日本,1.0,AI政策数量
2017,日本,2.0,AI政策数量
2018,日本,3.0,AI政策数量
2019,日本,5.0,AI政策数量
2020,日本,7.0,AI政策数量
2021,日本,10.0,AI政策数量
2022,日本,13.0,AI政策数量
2023,日本,15.0,AI政策数量
2024,日本,18.0,AI政策数量
2025,日本,20.0,AI政策数量
2016,法国,1.0,AI政策数量
2017,法国,2.0,AI政策数量
2018,法国,3.0,AI政策数量
2019,法国,5.0,AI政策数量
2020,法国,7.0,AI政策数量
2021,法国,10.0,AI政策数量
2022,法国,13.0,AI政策数量
2023,法国,15.0,AI政策数量
2024,法国,18.0,AI政策数量
2025,法国,20.0,AI政策数量
2016,美国,1.0,AI政策数量
2017,美国,5.0,AI政策数量
2018,美国,10.0,AI政策数量
2019,美国,20.0,AI政策数量
2020,美国,30.0,AI政策数量
2021,美国,50.0,AI政策数量
2022,美国,70.0,AI政策数量
2023,美国,100.0,AI政策数量
2024,美国,131.0,AI政策数量
2025,美国,150.0,AI政策数量
2016,英国,1.0,AI政策数量
2017,英国,2.0,AI政策数量
2018,英国,3.0,AI政策数量
2019,英国,5.0,AI政策数量
2020,英国,7.0,AI政策数量
2021,英国,10.0,AI政策数量
2022,英国,15.0,AI政策数量
2023,英国,20.0,AI政策数量
2024,英国,25.0,AI政策数量
2025,英国,30.0,AI政策数量
2016,阿联酋,0.0,AI政策数量
2017,阿联酋,1.0,AI政策数量
2018,阿联酋,2.0,AI政策数量
2019,阿联酋,3.0,AI政策数量
2020,阿联酋,5.0,AI政策数量
2021,阿联酋,7.0,AI政策数量
2022,阿联酋,10.0,AI政策数量
2023,阿联酋,12.0,AI政策数量
2024,阿联酋,15.0,AI政策数量
2025,阿联酋,18.0,AI政策数量
2016,韩国,1.0,AI政策数量
2017,韩国,2.0,AI政策数量
2018,韩国,3.0,AI政策数量
2019,韩国,5.0,AI政策数量
2020,韩国,7.0,AI政策数量
2021,韩国,10.0,AI政策数量
2022,韩国,13.0,AI政策数量
2023,韩国,15.0,AI政策数量
2024,韩国,18.0,AI政策数量
2025,韩国,20.0,AI政策数量
2016,中国,35.0,AI毕业生数量
2017,中国,38.5,AI毕业生数量
2018,中国,42.0,AI毕业生数量
2019,中国,45.0,AI毕业生数量
2020,中国,48.0,AI毕业生数量
2021,中国,52.0,AI毕业生数量
2022,中国,55.0,AI毕业生数量
2023,中国,58.0,AI毕业生数量
2024,中国,61.5,AI毕业生数量
2025,中国,65.0,AI毕业生数量
2016,加拿大,1.2,AI毕业生数量
2017,加拿大,1.3,AI毕业生数量
2018,加拿大,1.4,AI毕业生数量
2019,加拿大,1.5,AI毕业生数量
2020,加拿大,1.6,AI毕业生数量
2021,加拿大,1.7,AI毕业生数量
2022,加拿大,1.8,AI毕业生数量
2023,加拿大,1.9,AI毕业生数量
2024,加拿大,2.0,AI毕业生数量
2025,加拿大,2.1,AI毕业生数量
2016,印度,28.0,AI毕业生数量
2017,印度,30.5,AI毕业生数量
2018,印度,33.0,AI毕业生数量
2019,印度,36.0,AI毕业生数量
2020,印度,38.5,AI毕业生数量
2021,印度,41.0,AI毕业生数量
2022,印度,44.0,AI毕业生数量
2023,印度,47.0,AI毕业生数量
2024,印度,50.0,AI毕业生数量
2025,印度,53.5,AI毕业生数量
2016,德国,2.0,AI毕业生数量
2017,德国,2.2,AI毕业生数量
2018,德国,2.4,AI毕业生数量
2019,德国,2.6,AI毕业生数量
2020,德国,2.8,AI毕业生数量
2021,德国,2.9,AI毕业生数量
2022,德国,3.1,AI毕业生数量
2023,德国,3.3,AI毕业生数量
2024,德国,3.5,AI毕业生数量
2025,德国,3.7,AI毕业生数量
2016,日本,1.8,AI毕业生数量
2017,日本,1.9,AI毕业生数量
2018,日本,1.9,AI毕业生数量
2019,日本,2.0,AI毕业生数量
2020,日本,2.0,AI毕业生数量
2021,日本,2.1,AI毕业生数量
2022,日本,2.1,AI毕业生数量
2023,日本,2.2,AI毕业生数量
2024,日本,2.2,AI毕业生数量
2025,日本,2.3,AI毕业生数量
2016,法国,1.5,AI毕业生数量
2017,法国,1.6,AI毕业生数量
2018,法国,1.7,AI毕业生数量
2019,法国,1.8,AI毕业生数量
2020,法国,1.9,AI毕业生数量
2021,法国,2.0,AI毕业生数量
2022,法国,2.1,AI毕业生数量
2023,法国,2.2,AI毕业生数量
2024,法国,2.3,AI毕业生数量
2025,法国,2.4,AI毕业生数量
2016,美国,6.5,AI毕业生数量
2017,美国,7.2,AI毕业生数量
2018,美国,8.0,AI毕业生数量
2019,美国,8.8,AI毕业生数量
2020,美国,9.5,AI毕业生数量
2021,美国,10.5,AI毕业生数量
2022,美国,11.0,AI毕业生数量
2023,美国,11.5,AI毕业生数量
2024,美国,12.0,AI毕业生数量
2025,美国,12.5,AI毕业生数量
2016,英国,2.2,AI毕业生数量
2017,英国,2.4,AI毕业生数量
2018,英国,2.6,AI毕业生数量
2019,英国,2.8,AI毕业生数量
2020,英国,3.0,AI毕业生数量
2021,英国,3.2,AI毕业生数量
2022,英国,3.4,AI毕业生数量
2023,英国,3.6,AI毕业生数量
2024,英国,3.8,AI毕业生数量
2025,英国,4.0,AI毕业生数量
2016,阿联酋,0.05,AI毕业生数量
2017,阿联酋,0.08,AI毕业生数量
2018,阿联酋,0.1,AI毕业生数量
2019,阿联酋,0.15,AI毕业生数量
2020,阿联酋,0.2,AI毕业生数量
2021,阿联酋,0.3,AI毕业生数量
2022,阿联酋,0.4,AI毕业生数量
2023,阿联酋,0.5,AI毕业生数量
2024,阿联酋,0.6,AI毕业生数量
2025,阿联酋,0.7,AI毕业生数量
2016,韩国,1.1,AI毕业生数量
2017,韩国,1.2,AI毕业生数量
2018,韩国,1.3,AI毕业生数量
2019,韩国,1.4,AI毕业生数量
2020,韩国,1.5,AI毕业生数量
2021,韩国,1.6,AI毕业生数量
2022,韩国,1.7,AI毕业生数量
2023,韩国,1.8,AI毕业生数量
2024,韩国,1.9,AI毕业生数量
2025,韩国,2.0,AI毕业生数量
2016,中国,80.0,AI研究人员数量
2017,中国,90.0,AI研究人员数量
2018,中国,100.0,AI研究人员数量
2019,中国,120.0,AI研究人员数量
2020,中国,140.0,AI研究人员数量
2021,中国,160.0,AI研究人员数量
2022,中国,180.0,AI研究人员数量
2023,中国,200.0,AI研究人员数量
2024,中国,220.0,AI研究人员数量
2025,中国,240.0,AI研究人员数量
2016,加拿大,15.0,AI研究人员数量
2017,加拿大,16.0,AI研究人员数量
2018,加拿大,17.0,AI研究人员数量
2019,加拿大,18.0,AI研究人员数量
2020,加拿大,20.0,AI研究人员数量
2021,加拿大,22.0,AI研究人员数量
2022,加拿大,24.0,AI研究人员数量
2023,加拿大,26.0,AI研究人员数量
2024,加拿大,28.0,AI研究人员数量
2025,加拿大,30.0,AI研究人员数量
2016,印度,30.0,AI研究人员数量
2017,印度,35.0,AI研究人员数量
2018,印度,40.0,AI研究人员数量
2019,印度,45.0,AI研究人员数量
2020,印度,50.0,AI研究人员数量
2021,印度,60.0,AI研究人员数量
2022,印度,70.0,AI研究人员数量
2023,印度,80.0,AI研究人员数量
2024,印度,90.0,AI研究人员数量
2025,印度,100.0,AI研究人员数量
2016,德国,15.0,AI研究人员数量
2017,德国,16.0,AI研究人员数量
2018,德国,18.0,AI研究人员数量
2019,德国,20.0,AI研究人员数量
2020,德国,22.0,AI研究人员数量
2021,德国,24.0,AI研究人员数量
2022,德国,26.0,AI研究人员数量
2023,德国,28.0,AI研究人员数量
2024,德国,30.0,AI研究人员数量
2025,德国,32.0,AI研究人员数量
2016,日本,12.0,AI研究人员数量
2017,日本,13.0,AI研究人员数量
2018,日本,14.0,AI研究人员数量
2019,日本,15.0,AI研究人员数量
2020,日本,17.0,AI研究人员数量
2021,日本,19.0,AI研究人员数量
2022,日本,21.0,AI研究人员数量
2023,日本,23.0,AI研究人员数量
2024,日本,25.0,AI研究人员数量
2025,日本,27.0,AI研究人员数量
2016,法国,10.0,AI研究人员数量
2017,法国,11.0,AI研究人员数量
2018,法国,12.0,AI研究人员数量
2019,法国,13.0,AI研究人员数量
2020,法国,15.0,AI研究人员数量
2021,法国,17.0,AI研究人员数量
2022,法国,19.0,AI研究人员数量
2023,法国,21.0,AI研究人员数量
2024,法国,23.0,AI研究人员数量
2025,法国,25.0,AI研究人员数量
2016,美国,150.0,AI研究人员数量
2017,美国,160.0,AI研究人员数量
2018,美国,170.0,AI研究人员数量
2019,美国,180.0,AI研究人员数量
2020,美国,200.0,AI研究人员数量
2021,美国,220.0,AI研究人员数量
2022,美国,240.0,AI研究人员数量
2023,美国,260.0,AI研究人员数量
2024,美国,280.0,AI研究人员数量
2025,美国,300.0,AI研究人员数量
2016,英国,20.0,AI研究人员数量
2017,英国,22.0,AI研究人员数量
2018,英国,24.0,AI研究人员数量
2019,英国,26.0,AI研究人员数量
2020,英国,28.0,AI研究人员数量
2021,英国,30.0,AI研究人员数量
2022,英国,32.0,AI研究人员数量
2023,英国,34.0,AI研究人员数量
2024,英国,36.0,AI研究人员数量
2025,英国,38.0,AI研究人员数量
2016,阿联酋,1.0,AI研究人员数量
2017,阿联酋,1.5,AI研究人员数量
2018,阿联酋,2.0,AI研究人员数量
2019,阿联酋,3.0,AI研究人员数量
2020,阿联酋,4.0,AI研究人员数量
2021,阿联酋,6.0,AI研究人员数量
2022,阿联酋,8.0,AI研究人员数量
2023,阿联酋,10.0,AI研究人员数量
2024,阿联酋,12.0,AI研究人员数量
2025,阿联酋,15.0,AI研究人员数量
2016,韩国,10.0,AI研究人员数量
2017,韩国,11.0,AI研究人员数量
2018,韩国,12.0,AI研究人员数量
2019,韩国,13.0,AI研究人员数量
2020,韩国,15.0,AI研究人员数量
2021,韩国,18.0,AI研究人员数量
2022,韩国,20.0,AI研究人员数量
2023,韩国,22.0,AI研究人员数量
2024,韩国,24.0,AI研究人员数量
2025,韩国,26.0,AI研究人员数量
2016,中国,70.0,AI社会信任度
2017,中国,74.0,AI社会信任度
2018,中国,78.0,AI社会信任度
2019,中国,79.0,AI社会信任度
2020,中国,81.0,AI社会信任度
2021,中国,78.0,AI社会信任度
2022,中国,78.0,AI社会信任度
2023,中国,81.0,AI社会信任度
2024,中国,83.0,AI社会信任度
2025,中国,85.0,AI社会信任度
2016,加拿大,42.0,AI社会信任度
2017,加拿大,40.0,AI社会信任度
2018,加拿大,39.0,AI社会信任度
2019,加拿大,40.0,AI社会信任度
2020,加拿大,35.0,AI社会信任度
2021,加拿大,38.0,AI社会信任度
2022,加拿大,32.0,AI社会信任度
2023,加拿大,34.0,AI社会信任度
2024,加拿大,40.0,AI社会信任度
2025,加拿大,42.0,AI社会信任度
2016,印度,60.0,AI社会信任度
2017,印度,62.0,AI社会信任度
2018,印度,65.0,AI社会信任度
2019,印度,68.0,AI社会信任度
2020,印度,70.0,AI社会信任度
2021,印度,72.0,AI社会信任度
2022,印度,75.0,AI社会信任度
2023,印度,70.0,AI社会信任度
2024,印度,60.0,AI社会信任度
2025,印度,65.0,AI社会信任度
2016,德国,37.0,AI社会信任度
2017,德国,38.0,AI社会信任度
2018,德国,37.0,AI社会信任度
2019,德国,39.0,AI社会信任度
2020,德国,40.0,AI社会信任度
2021,德国,41.0,AI社会信任度
2022,德国,44.0,AI社会信任度
2023,德国,47.0,AI社会信任度
2024,德国,48.0,AI社会信任度
2025,德国,50.0,AI社会信任度
2016,日本,35.0,AI社会信任度
2017,日本,32.0,AI社会信任度
2018,日本,30.0,AI社会信任度
2019,日本,26.0,AI社会信任度
2020,日本,28.0,AI社会信任度
2021,日本,30.0,AI社会信任度
2022,日本,33.0,AI社会信任度
2023,日本,28.0,AI社会信任度
2024,日本,35.0,AI社会信任度
2025,日本,38.0,AI社会信任度
2016,法国,38.0,AI社会信任度
2017,法国,36.0,AI社会信任度
2018,法国,34.0,AI社会信任度
2019,法国,35.0,AI社会信任度
2020,法国,37.0,AI社会信任度
2021,法国,38.0,AI社会信任度
2022,法国,31.0,AI社会信任度
2023,法国,36.0,AI社会信任度
2024,法国,41.0,AI社会信任度
2025,法国,42.0,AI社会信任度
2016,美国,50.0,AI社会信任度
2017,美国,41.0,AI社会信任度
2018,美国,40.0,AI社会信任度
2019,美国,36.0,AI社会信任度
2020,美国,38.0,AI社会信任度
2021,美国,39.0,AI社会信任度
2022,美国,35.0,AI社会信任度
2023,美国,39.0,AI社会信任度
2024,美国,39.0,AI社会信任度
2025,美国,40.0,AI社会信任度
2016,英国,48.0,AI社会信任度
2017,英国,46.0,AI社会信任度
2018,英国,45.0,AI社会信任度
2019,英国,44.0,AI社会信任度
2020,英国,45.0,AI社会信任度
2021,英国,46.0,AI社会信任度
2022,英国,42.0,AI社会信任度
2023,英国,39.0,AI社会信任度
2024,英国,46.0,AI社会信任度
2025,英国,48.0,AI社会信任度
2016,阿联酋,72.0,AI社会信任度
2017,阿联酋,75.0,AI社会信任度
2018,阿联酋,78.0,AI社会信任度
2019,阿联酋,70.0,AI社会信任度
2020,阿联酋,72.0,AI社会信任度
2021,阿联酋,74.0,AI社会信任度
2022,阿联酋,76.0,AI社会信任度
2023,阿联酋,71.0,AI社会信任度
2024,阿联酋,72.0,AI社会信任度
2025,阿联酋,75.0,AI社会信任度
2016,韩国,46.0,AI社会信任度
2017,韩国,48.0,AI社会信任度
2018,韩国,50.0,AI社会信任度
2019,韩国,54.0,AI社会信任度
2020,韩国,58.0,AI社会信任度
2021,韩国,62.0,AI社会信任度
2022,韩国,60.0,AI社会信任度
2023,韩国,58.0,AI社会信任度
2024,韩国,59.0,AI社会信任度
2025,韩国,62.0,AI社会信任度
2016,中国,0.0,AI算力平台
2017,中国,0.0,AI算力平台
2018,中国,0.0,AI算力平台
2019,中国,5.0,AI算力平台
2020,中国,60.0,AI算力平台
2021,中国,70.0,AI算力平台
2022,中国,80.0,AI算力平台
2023,中国,85.0,AI算力平台
2024,中国,90.0,AI算力平台
2025,中国,95.0,AI算力平台
2016,加拿大,0.0,AI算力平台
2017,加拿大,0.0,AI算力平台
2018,加拿大,0.0,AI算力平台
2019,加拿大,5.0,AI算力平台
2020,加拿大,20.0,AI算力平台
2021,加拿大,40.0,AI算力平台
2022,加拿大,50.0,AI算力平台
2023,加拿大,60.0,AI算力平台
2024,加拿大,70.0,AI算力平台
2025,加拿大,75.0,AI算力平台
2016,印度,0.0,AI算力平台
2017,印度,0.0,AI算力平台
2018,印度,0.0,AI算力平台
2019,印度,0.0,AI算力平台
2020,印度,0.0,AI算力平台
2021,印度,5.0,AI算力平台
2022,印度,10.0,AI算力平台
2023,印度,30.0,AI算力平台
2024,印度,50.0,AI算力平台
2025,印度,60.0,AI算力平台
2016,德国,0.0,AI算力平台
2017,德国,0.0,AI算力平台
2018,德国,0.0,AI算力平台
2019,德国,5.0,AI算力平台
2020,德国,15.0,AI算力平台
2021,德国,30.0,AI算力平台
2022,德国,40.0,AI算力平台
2023,德国,50.0,AI算力平台
2024,德国,60.0,AI算力平台
2025,德国,65.0,AI算力平台
2016,日本,0.0,AI算力平台
2017,日本,0.0,AI算力平台
2018,日本,0.0,AI算力平台
2019,日本,5.0,AI算力平台
2020,日本,20.0,AI算力平台
2021,日本,40.0,AI算力平台
2022,日本,50.0,AI算力平台
2023,日本,60.0,AI算力平台
2024,日本,70.0,AI算力平台
2025,日本,75.0,AI算力平台
2016,法国,0.0,AI算力平台
2017,法国,0.0,AI算力平台
2018,法国,0.0,AI算力平台
2019,法国,5.0,AI算力平台
2020,法国,10.0,AI算力平台
2021,法国,30.0,AI算力平台
2022,法国,40.0,AI算力平台
2023,法国,50.0,AI算力平台
2024,法国,60.0,AI算力平台
2025,法国,65.0,AI算力平台
2016,美国,0.0,AI算力平台
2017,美国,0.0,AI算力平台
2018,美国,0.0,AI算力平台
2019,美国,10.0,AI算力平台
2020,美国,40.0,AI算力平台
2021,美国,60.0,AI算力平台
2022,美国,75.0,AI算力平台
2023,美国,85.0,AI算力平台
2024,美国,90.0,AI算力平台
2025,美国,95.0,AI算力平台
2016,英国,0.0,AI算力平台
2017,英国,0.0,AI算力平台
2018,英国,0.0,AI算力平台
2019,英国,5.0,AI算力平台
2020,英国,20.0,AI算力平台
2021,英国,40.0,AI算力平台
2022,英国,50.0,AI算力平台
2023,英国,60.0,AI算力平台
2024,英国,70.0,AI算力平台
2025,英国,74.0,AI算力平台
2016,阿联酋,0.0,AI算力平台
2017,阿联酋,0.0,AI算力平台
2018,阿联酋,0.0,AI算力平台
2019,阿联酋,10.0,AI算力平台
2020,阿联酋,50.0,AI算力平台
2021,阿联酋,80.0,AI算力平台
2022,阿联酋,90.0,AI算力平台
2023,阿联酋,95.0,AI算力平台
2024,阿联酋,99.0,AI算力平台
2025,阿联酋,99.0,AI算力平台
2016,韩国,0.0,AI算力平台
2017,韩国,0.0,AI算力平台
2018,韩国,0.0,AI算力平台
2019,韩国,85.0,AI算力平台
2020,韩国,90.0,AI算力平台
2021,韩国,95.0,AI算力平台
2022,韩国,95.0,AI算力平台
2023,韩国,95.0,AI算力平台
2024,韩国,95.0,AI算力平台
2025,韩国,95.0,AI算力平台
2016,中国,2.0,AI补贴金额
2017,中国,3.0,AI补贴金额
2018,中国,5.0,AI补贴金额
2019,中国,10.0,AI补贴金额
2020,中国,15.0,AI补贴金额
2021,中国,20.0,AI补贴金额
2022,中国,30.0,AI补贴金额
2023,中国,47.5,AI补贴金额
2024,中国,52.0,AI补贴金额
2025,中国,55.0,AI补贴金额
2016,加拿大,0.1,AI补贴金额
2017,加拿大,0.2,AI补贴金额
2018,加拿大,0.3,AI补贴金额
2019,加拿大,0.4,AI补贴金额
2020,加拿大,0.5,AI补贴金额
2021,加拿大,1.0,AI补贴金额
2022,加拿大,1.5,AI补贴金额
2023,加拿大,2.4,AI补贴金额
2024,加拿大,2.8,AI补贴金额
2025,加拿大,3.2,AI补贴金额
2016,印度,0.1,AI补贴金额
2017,印度,0.1,AI补贴金额
2018,印度,0.2,AI补贴金额
2019,印度,0.3,AI补贴金额
2020,印度,0.5,AI补贴金额
2021,印度,1.0,AI补贴金额
2022,印度,1.2,AI补贴金额
2023,印度,1.5,AI补贴金额
2024,印度,1.8,AI补贴金额
2025,印度,2.0,AI补贴金额
2016,德国,0.4,AI补贴金额
2017,德国,0.5,AI补贴金额
2018,德国,1.0,AI补贴金额
2019,德国,1.5,AI补贴金额
2020,德国,2.0,AI补贴金额
2021,德国,2.5,AI补贴金额
2022,德国,3.0,AI补贴金额
2023,德国,3.5,AI补贴金额
2024,德国,4.0,AI补贴金额
2025,德国,4.5,AI补贴金额
2016,日本,0.3,AI补贴金额
2017,日本,0.4,AI补贴金额
2018,日本,0.5,AI补贴金额
2019,日本,0.7,AI补贴金额
2020,日本,1.0,AI补贴金额
2021,日本,1.5,AI补贴金额
2022,日本,2.0,AI补贴金额
2023,日本,3.0,AI补贴金额
2024,日本,3.5,AI补贴金额
2025,日本,4.0,AI补贴金额
2016,法国,0.2,AI补贴金额
2017,法国,0.3,AI补贴金额
2018,法国,1.5,AI补贴金额
2019,法国,1.5,AI补贴金额
2020,法国,1.5,AI补贴金额
2021,法国,1.5,AI补贴金额
2022,法国,1.5,AI补贴金额
2023,法国,2.0,AI补贴金额
2024,法国,2.5,AI补贴金额
2025,法国,3.0,AI补贴金额
2016,美国,1.0,AI补贴金额
2017,美国,1.5,AI补贴金额
2018,美国,2.0,AI补贴金额
2019,美国,3.0,AI补贴金额
2020,美国,5.0,AI补贴金额
2021,美国,10.0,AI补贴金额
2022,美国,15.0,AI补贴金额
2023,美国,20.0,AI补贴金额
2024,美国,25.0,AI补贴金额
2025,美国,30.0,AI补贴金额
2016,英国,0.5,AI补贴金额
2017,英国,0.7,AI补贴金额
2018,英国,1.0,AI补贴金额
2019,英国,1.2,AI补贴金额
2020,英国,1.5,AI补贴金额
2021,英国,2.0,AI补贴金额
2022,英国,3.0,AI补贴金额
2023,英国,3.5,AI补贴金额
2024,英国,4.0,AI补贴金额
2025,英国,4.5,AI补贴金额
2016,阿联酋,0.1,AI补贴金额
2017,阿联酋,0.2,AI补贴金额
2018,阿联酋,0.5,AI补贴金额
2019,阿联酋,1.0,AI补贴金额
2020,阿联酋,2.0,AI补贴金额
2021,阿联酋,5.0,AI补贴金额
2022,阿联酋,10.0,AI补贴金额
2023,阿联酋,12.0,AI补贴金额
2024,阿联酋,14.0,AI补贴金额
2025,阿联酋,16.0,AI补贴金额
2016,韩国,0.2,AI补贴金额
2017,韩国,0.3,AI补贴金额
2018,韩国,0.5,AI补贴金额
2019,韩国,0.7,AI补贴金额
2020,韩国,1.0,AI补贴金额
2021,韩国,1.5,AI补贴金额
2022,韩国,2.0,AI补贴金额
2023,韩国,3.0,AI补贴金额
2024,韩国,3.5,AI补贴金额
2025,韩国,4.0,AI补贴金额
2016,中国,0.1,GPU集群规模
2017,中国,0.15,GPU集群规模
2018,中国,0.2,GPU集群规模
2019,中国,0.3,GPU集群规模
2020,中国,0.5,GPU集群规模
2021,中国,1.0,GPU集群规模
2022,中国,2.0,GPU集群规模
2023,中国,3.0,GPU集群规模
2024,中国,0.4,GPU集群规模
2025,中国,0.4,GPU集群规模
2016,加拿大,0.01,GPU集群规模
2017,加拿大,0.01,GPU集群规模
2018,加拿大,0.02,GPU集群规模
2019,加拿大,0.03,GPU集群规模
2020,加拿大,0.05,GPU集群规模
2021,加拿大,0.1,GPU集群规模
2022,加拿大,0.2,GPU集群规模
2023,加拿大,0.3,GPU集群规模
2024,加拿大,0.5,GPU集群规模
2025,加拿大,0.5,GPU集群规模
2016,印度,0.005,GPU集群规模
2017,印度,0.005,GPU集群规模
2018,印度,0.01,GPU集群规模
2019,印度,0.02,GPU集群规模
2020,印度,0.05,GPU集群规模
2021,印度,0.2,GPU集群规模
2022,印度,0.5,GPU集群规模
2023,印度,0.8,GPU集群规模
2024,印度,1.0,GPU集群规模
2025,印度,1.2,GPU集群规模
2016,德国,0.03,GPU集群规模
2017,德国,0.04,GPU集群规模
2018,德国,0.05,GPU集群规模
2019,德国,0.06,GPU集群规模
2020,德国,0.1,GPU集群规模
2021,德国,0.2,GPU集群规模
2022,德国,0.3,GPU集群规模
2023,德国,0.04,GPU集群规模
2024,德国,0.05,GPU集群规模
2025,德国,0.05,GPU集群规模
2016,日本,0.02,GPU集群规模
2017,日本,0.03,GPU集群规模
2018,日本,0.04,GPU集群规模
2019,日本,0.05,GPU集群规模
2020,日本,0.1,GPU集群规模
2021,日本,0.2,GPU集群规模
2022,日本,0.5,GPU集群规模
2023,日本,1.0,GPU集群规模
2024,日本,1.2,GPU集群规模
2025,日本,1.4,GPU集群规模
2016,法国,0.01,GPU集群规模
2017,法国,0.02,GPU集群规模
2018,法国,0.03,GPU集群规模
2019,法国,0.04,GPU集群规模
2020,法国,0.1,GPU集群规模
2021,法国,0.5,GPU集群规模
2022,法国,1.0,GPU集群规模
2023,法国,1.5,GPU集群规模
2024,法国,2.0,GPU集群规模
2025,法国,2.4,GPU集群规模
2016,美国,0.3,GPU集群规模
2017,美国,0.5,GPU集群规模
2018,美国,1.0,GPU集群规模
2019,美国,2.0,GPU集群规模
2020,美国,5.0,GPU集群规模
2021,美国,10.0,GPU集群规模
2022,美国,20.0,GPU集群规模
2023,美国,30.0,GPU集群规模
2024,美国,35.0,GPU集群规模
2025,美国,39.7,GPU集群规模
2016,英国,0.02,GPU集群规模
2017,英国,0.03,GPU集群规模
2018,英国,0.04,GPU集群规模
2019,英国,0.05,GPU集群规模
2020,英国,0.1,GPU集群规模
2021,英国,0.2,GPU集群规模
2022,英国,0.5,GPU集群规模
2023,英国,0.1,GPU集群规模
2024,英国,0.12,GPU集群规模
2025,英国,0.12,GPU集群规模
2016,阿联酋,0.005,GPU集群规模
2017,阿联酋,0.005,GPU集群规模
2018,阿联酋,0.01,GPU集群规模
2019,阿联酋,0.02,GPU集群规模
2020,阿联酋,0.05,GPU集群规模
2021,阿联酋,1.0,GPU集群规模
2022,阿联酋,5.0,GPU集群规模
2023,阿联酋,10.0,GPU集群规模
2024,阿联酋,20.0,GPU集群规模
2025,阿联酋,23.1,GPU集群规模
2016,韩国,0.01,GPU集群规模
2017,韩国,0.02,GPU集群规模
2018,韩国,0.03,GPU集群规模
2019,韩国,0.04,GPU集群规模
2020,韩国,0.1,GPU集群规模
2021,韩国,0.5,GPU集群规模
2022,韩国,1.0,GPU集群规模
2023,韩国,3.0,GPU集群规模
2024,韩国,4.0,GPU集群规模
2025,韩国,5.1,GPU集群规模
2016,中国,2779.6,GitHub项目数
2017,中国,6599.98,GitHub项目数
2018,中国,7819.02,GitHub项目数
2019,中国,7264.33,GitHub项目数
2020,中国,5762.31,GitHub项目数
2021,中国,5319.72,GitHub项目数
2022,中国,5518.97,GitHub项目数
2023,中国,5883.07,GitHub项目数
2024,中国,5700.0,GitHub项目数
2025,中国,5600.0,GitHub项目数
2016,加拿大,2127.65,GitHub项目数
2017,加拿大,4330.49,GitHub项目数
2018,加拿大,5654.01,GitHub项目数
2019,加拿大,6834.04,GitHub项目数
2020,加拿大,9439.3,GitHub项目数
2021,加拿大,7994.26,GitHub项目数
2022,加拿大,7294.8,GitHub项目数
2023,加拿大,7472.33,GitHub项目数
2024,加拿大,7400.0,GitHub项目数
2025,加拿大,7350.0,GitHub项目数
2016,印度,3570.08,GitHub项目数
2017,印度,10406.6,GitHub项目数
2018,印度,21709.21,GitHub项目数
2019,印度,30875.84,GitHub项目数
2020,印度,57303.05,GitHub项目数
2021,印度,56231.87,GitHub项目数
2022,印度,52338.25,GitHub项目数
2023,印度,70919.35,GitHub项目数
2024,印度,68000.0,GitHub项目数
2025,印度,65000.0,GitHub项目数
2016,德国,2024.56,GitHub项目数
2017,德国,3875.26,GitHub项目数
2018,德国,5009.94,GitHub项目数
2019,德国,5920.87,GitHub项目数
2020,德国,8000.78,GitHub项目数
2021,德国,7220.41,GitHub项目数
2022,德国,7174.05,GitHub项目数
2023,德国,6712.97,GitHub项目数
2024,德国,6500.0,GitHub项目数
2025,德国,6400.0,GitHub项目数
2016,日本,1380.93,GitHub项目数
2017,日本,2590.18,GitHub项目数
2018,日本,3235.31,GitHub项目数
2019,日本,3299.64,GitHub项目数
2020,日本,3825.55,GitHub项目数
2021,日本,3220.05,GitHub项目数
2022,日本,2721.37,GitHub项目数
2023,日本,3133.73,GitHub项目数
2024,日本,3050.0,GitHub项目数
2025,日本,3000.0,GitHub项目数
2016,法国,1171.4,GitHub项目数
2017,法国,2193.42,GitHub项目数
2018,法国,3039.8,GitHub项目数
2019,法国,3719.17,GitHub项目数
2020,法国,5025.34,GitHub项目数
2021,法国,4888.39,GitHub项目数
2022,法国,4951.47,GitHub项目数
2023,法国,4823.62,GitHub项目数
2024,法国,4700.0,GitHub项目数
2025,法国,4600.0,GitHub项目数
2016,美国,15011.7,GitHub项目数
2017,美国,28151.86,GitHub项目数
2018,美国,34637.48,GitHub项目数
2019,美国,35349.5,GitHub项目数
2020,美国,43785.55,GitHub项目数
2021,美国,34987.02,GitHub项目数
2022,美国,32494.68,GitHub项目数
2023,美国,34313.71,GitHub项目数
2024,美国,33500.0,GitHub项目数
2025,美国,33000.0,GitHub项目数
2016,英国,2673.35,GitHub项目数
2017,英国,4939.2,GitHub项目数
2018,英国,6000.9,GitHub项目数
2019,英国,7013.76,GitHub项目数
2020,英国,8881.75,GitHub项目数
2021,英国,8497.7,GitHub项目数
2022,英国,9037.78,GitHub项目数
2023,英国,9481.53,GitHub项目数
2024,英国,9600.0,GitHub项目数
2025,英国,9700.0,GitHub项目数
2016,阿联酋,81.52,GitHub项目数
2017,阿联酋,199.13,GitHub项目数
2018,阿联酋,309.66,GitHub项目数
2019,阿联酋,436.08,GitHub项目数
2020,阿联酋,586.52,GitHub项目数
2021,阿联酋,638.09,GitHub项目数
2022,阿联酋,653.01,GitHub项目数
2023,阿联酋,825.71,GitHub项目数
2024,阿联酋,900.0,GitHub项目数
2025,阿联酋,950.0,GitHub项目数
2016,韩国,653.29,GitHub项目数
2017,韩国,1696.8,GitHub项目数
2018,韩国,2243.35,GitHub项目数
2019,韩国,3302.57,GitHub项目数
2020,韩国,4124.61,GitHub项目数
2021,韩国,4679.07,GitHub项目数
2022,韩国,4084.5,GitHub项目数
2023,韩国,3613.16,GitHub项目数
2024,韩国,3400.0,GitHub项目数
2025,韩国,3300.0,GitHub项目数
2016,中国,171.0,TOP500上榜数
2017,中国,202.0,TOP500上榜数
2018,中国,227.0,TOP500上榜数
2019,中国,228.0,TOP500上榜数
2020,中国,214.0,TOP500上榜数
2021,中国,173.0,TOP500上榜数
2022,中国,162.0,TOP500上榜数
2023,中国,104.0,TOP500上榜数
2024,中国,63.0,TOP500上榜数
2025,中国,40.0,TOP500上榜数
2016,加拿大,1.0,TOP500上榜数
2017,加拿大,5.0,TOP500上榜数
2018,加拿大,9.0,TOP500上榜数
2019,加拿大,9.0,TOP500上榜数
2020,加拿大,12.0,TOP500上榜数
2021,加拿大,11.0,TOP500上榜数
2022,加拿大,10.0,TOP500上榜数
2023,加拿大,10.0,TOP500上榜数
2024,加拿大,9.0,TOP500上榜数
2025,加拿大,19.0,TOP500上榜数
2016,印度,5.0,TOP500上榜数
2017,印度,4.0,TOP500上榜数
2018,印度,4.0,TOP500上榜数
2019,印度,2.0,TOP500上榜数
2020,印度,3.0,TOP500上榜数
2021,印度,3.0,TOP500上榜数
2022,印度,3.0,TOP500上榜数
2023,印度,4.0,TOP500上榜数
2024,印度,6.0,TOP500上榜数
2025,印度,6.0,TOP500上榜数
2016,德国,31.0,TOP500上榜数
2017,德国,21.0,TOP500上榜数
2018,德国,17.0,TOP500上榜数
2019,德国,16.0,TOP500上榜数
2020,德国,17.0,TOP500上榜数
2021,德国,26.0,TOP500上榜数
2022,德国,34.0,TOP500上榜数
2023,德国,36.0,TOP500上榜数
2024,德国,40.0,TOP500上榜数
2025,德国,40.0,TOP500上榜数
2016,日本,27.0,TOP500上榜数
2017,日本,35.0,TOP500上榜数
2018,日本,31.0,TOP500上榜数
2019,日本,29.0,TOP500上榜数
2020,日本,34.0,TOP500上榜数
2021,日本,32.0,TOP500上榜数
2022,日本,31.0,TOP500上榜数
2023,日本,32.0,TOP500上榜数
2024,日本,34.0,TOP500上榜数
2025,日本,43.0,TOP500上榜数
2016,法国,20.0,TOP500上榜数
2017,法国,18.0,TOP500上榜数
2018,法国,18.0,TOP500上榜数
2019,法国,18.0,TOP500上榜数
2020,法国,18.0,TOP500上榜数
2021,法国,19.0,TOP500上榜数
2022,法国,24.0,TOP500上榜数
2023,法国,23.0,TOP500上榜数
2024,法国,24.0,TOP500上榜数
2025,法国,23.0,TOP500上榜数
2016,美国,171.0,TOP500上榜数
2017,美国,143.0,TOP500上榜数
2018,美国,109.0,TOP500上榜数
2019,美国,117.0,TOP500上榜数
2020,美国,113.0,TOP500上榜数
2021,美国,149.0,TOP500上榜数
2022,美国,127.0,TOP500上榜数
2023,美国,161.0,TOP500上榜数
2024,美国,173.0,TOP500上榜数
2025,美国,171.0,TOP500上榜数
2016,英国,13.0,TOP500上榜数
2017,英国,15.0,TOP500上榜数
2018,英国,20.0,TOP500上榜数
2019,英国,11.0,TOP500上榜数
2020,英国,12.0,TOP500上榜数
2021,英国,11.0,TOP500上榜数
2022,英国,15.0,TOP500上榜数
2023,英国,15.0,TOP500上榜数
2024,英国,14.0,TOP500上榜数
2025,英国,9.0,TOP500上榜数
2016,阿联酋,0.0,TOP500上榜数
2017,阿联酋,0.0,TOP500上榜数
2018,阿联酋,0.0,TOP500上榜数
2019,阿联酋,2.0,TOP500上榜数
2020,阿联酋,2.0,TOP500上榜数
2021,阿联酋,2.0,TOP500上榜数
2022,阿联酋,2.0,TOP500上榜数
2023,阿联酋,1.0,TOP500上榜数
2024,阿联酋,3.0,TOP500上榜数
2025,阿联酋,5.0,TOP500上榜数
2016,韩国,4.0,TOP500上榜数
2017,韩国,5.0,TOP500上榜数
2018,韩国,6.0,TOP500上榜数
2019,韩国,3.0,TOP500上榜数
2020,韩国,3.0,TOP500上榜数
2021,韩国,7.0,TOP500上榜数
2022,韩国,8.0,TOP500上榜数
2023,韩国,12.0,TOP500上榜数
2024,韩国,13.0,TOP500上榜数
2025,韩国,15.0,TOP500上榜数
2016,中国,0.1,互联网带宽
2017,中国,0.15,互联网带宽
2018,中国,0.2,互联网带宽
2019,中国,0.3,互联网带宽
2020,中国,0.5,互联网带宽
2021,中国,1.0,互联网带宽
2022,中国,2.0,互联网带宽
2023,中国,3.0,互联网带宽
2024,中国,0.4,互联网带宽
2025,中国,0.4,互联网带宽
2016,加拿大,0.01,互联网带宽
2017,加拿大,0.01,互联网带宽
2018,加拿大,0.02,互联网带宽
2019,加拿大,0.03,互联网带宽
2020,加拿大,0.05,互联网带宽
2021,加拿大,0.1,互联网带宽
2022,加拿大,0.2,互联网带宽
2023,加拿大,0.3,互联网带宽
2024,加拿大,0.5,互联网带宽
2025,加拿大,0.5,互联网带宽
2016,印度,0.01,互联网带宽
2017,印度,0.01,互联网带宽
2018,印度,0.01,互联网带宽
2019,印度,0.02,互联网带宽
2020,印度,0.05,互联网带宽
2021,印度,0.2,互联网带宽
2022,印度,0.5,互联网带宽
2023,印度,0.8,互联网带宽
2024,印度,1.0,互联网带宽
2025,印度,1.2,互联网带宽
2016,德国,0.03,互联网带宽
2017,德国,0.04,互联网带宽
2018,德国,0.05,互联网带宽
2019,德国,0.06,互联网带宽
2020,德国,0.1,互联网带宽
2021,德国,0.2,互联网带宽
2022,德国,0.3,互联网带宽
2023,德国,0.04,互联网带宽
2024,德国,0.05,互联网带宽
2025,德国,0.05,互联网带宽
2016,日本,0.02,互联网带宽
2017,日本,0.03,互联网带宽
2018,日本,0.04,互联网带宽
2019,日本,0.05,互联网带宽
2020,日本,0.1,互联网带宽
2021,日本,0.2,互联网带宽
2022,日本,0.5,互联网带宽
2023,日本,1.0,互联网带宽
2024,日本,1.2,互联网带宽
2025,日本,1.4,互联网带宽
2016,法国,0.01,互联网带宽
2017,法国,0.02,互联网带宽
2018,法国,0.03,互联网带宽
2019,法国,0.04,互联网带宽
2020,法国,0.1,互联网带宽
2021,法国,0.5,互联网带宽
2022,法国,1.0,互联网带宽
2023,法国,1.5,互联网带宽
2024,法国,2.0,互联网带宽
2025,法国,2.4,互联网带宽
2016,美国,0.3,互联网带宽
2017,美国,0.5,互联网带宽
2018,美国,1.0,互联网带宽
2019,美国,2.0,互联网带宽
2020,美国,5.0,互联网带宽
2021,美国,10.0,互联网带宽
2022,美国,20.0,互联网带宽
2023,美国,30.0,互联网带宽
2024,美国,35.0,互联网带宽
2025,美国,39.7,互联网带宽
2016,英国,0.02,互联网带宽
2017,英国,0.03,互联网带宽
2018,英国,0.04,互联网带宽
2019,英国,0.05,互联网带宽
2020,英国,0.1,互联网带宽
2021,英国,0.2,互联网带宽
2022,英国,0.5,互联网带宽
2023,英国,0.1,互联网带宽
2024,英国,0.12,互联网带宽
2025,英国,0.12,互联网带宽
2016,阿联酋,0.01,互联网带宽
2017,阿联酋,0.01,互联网带宽
2018,阿联酋,0.01,互联网带宽
2019,阿联酋,0.02,互联网带宽
2020,阿联酋,0.05,互联网带宽
2021,阿联酋,1.0,互联网带宽
2022,阿联酋,5.0,互联网带宽
2023,阿联酋,10.0,互联网带宽
2024,阿联酋,20.0,互联网带宽
2025,阿联酋,23.1,互联网带宽
2016,韩国,0.01,互联网带宽
2017,韩国,0.02,互联网带宽
2018,韩国,0.03,互联网带宽
2019,韩国,0.04,互联网带宽
2020,韩国,0.1,互联网带宽
2021,韩国,0.5,互联网带宽
2022,韩国,1.0,互联网带宽
2023,韩国,3.0,互联网带宽
2024,韩国,4.0,互联网带宽
2025,韩国,5.1,互联网带宽
2016,中国,50.0,互联网普及率
2017,中国,52.0,互联网普及率
2018,中国,56.0,互联网普及率
2019,中国,59.0,互联网普及率
2020,中国,62.0,互联网普及率
2021,中国,65.0,互联网普及率
2022,中国,69.0,互联网普及率
2023,中国,72.0,互联网普及率
2024,中国,75.0,互联网普及率
2025,中国,80.0,互联网普及率
2016,加拿大,89.0,互联网普及率
2017,加拿大,90.0,互联网普及率
2018,加拿大,91.0,互联网普及率
2019,加拿大,92.0,互联网普及率
2020,加拿大,93.0,互联网普及率
2021,加拿大,94.0,互联网普及率
2022,加拿大,95.0,互联网普及率
2023,加拿大,95.0,互联网普及率
2024,加拿大,96.0,互联网普及率
2025,加拿大,97.0,互联网普及率
2016,印度,29.0,互联网普及率
2017,印度,31.0,互联网普及率
2018,印度,34.0,互联网普及率
2019,印度,36.0,互联网普及率
2020,印度,40.0,互联网普及率
2021,印度,43.0,互联网普及率
2022,印度,47.0,互联网普及率
2023,印度,52.0,互联网普及率
2024,印度,56.0,互联网普及率
2025,印度,60.0,互联网普及率
2016,德国,89.0,互联网普及率
2017,德国,90.0,互联网普及率
2018,德国,91.0,互联网普及率
2019,德国,92.0,互联网普及率
2020,德国,93.0,互联网普及率
2021,德国,94.0,互联网普及率
2022,德国,95.0,互联网普及率
2023,德国,96.0,互联网普及率
2024,德国,96.0,互联网普及率
2025,德国,97.0,互联网普及率
2016,日本,93.0,互联网普及率
2017,日本,94.0,互联网普及率
2018,日本,95.0,互联网普及率
2019,日本,96.0,互联网普及率
2020,日本,97.0,互联网普及率
2021,日本,97.0,互联网普及率
2022,日本,98.0,互联网普及率
2023,日本,98.0,互联网普及率
2024,日本,99.0,互联网普及率
2025,日本,99.0,互联网普及率
2016,法国,86.0,互联网普及率
2017,法国,87.0,互联网普及率
2018,法国,88.0,互联网普及率
2019,法国,89.0,互联网普及率
2020,法国,90.0,互联网普及率
2021,法国,91.0,互联网普及率
2022,法国,92.0,互联网普及率
2023,法国,93.0,互联网普及率
2024,法国,94.0,互联网普及率
2025,法国,95.0,互联网普及率
2016,美国,88.0,互联网普及率
2017,美国,89.0,互联网普及率
2018,美国,90.0,互联网普及率
2019,美国,90.0,互联网普及率
2020,美国,91.0,互联网普及率
2021,美国,92.0,互联网普及率
2022,美国,92.0,互联网普及率
2023,美国,93.0,互联网普及率
2024,美国,93.0,互联网普及率
2025,美国,94.0,互联网普及率
2016,英国,93.0,互联网普及率
2017,英国,94.0,互联网普及率
2018,英国,95.0,互联网普及率
2019,英国,95.0,互联网普及率
2020,英国,96.0,互联网普及率
2021,英国,96.0,互联网普及率
2022,英国,97.0,互联网普及率
2023,英国,97.0,互联网普及率
2024,英国,98.0,互联网普及率
2025,英国,98.0,互联网普及率
2016,阿联酋,91.0,互联网普及率
2017,阿联酋,92.0,互联网普及率
2018,阿联酋,93.0,互联网普及率
2019,阿联酋,94.0,互联网普及率
2020,阿联酋,96.0,互联网普及率
2021,阿联酋,97.0,互联网普及率
2022,阿联酋,98.0,互联网普及率
2023,阿联酋,99.0,互联网普及率
2024,阿联酋,99.0,互联网普及率
2025,阿联酋,99.0,互联网普及率
2016,韩国,92.0,互联网普及率
2017,韩国,93.0,互联网普及率
2018,韩国,95.0,互联网普及率
2019,韩国,96.0,互联网普及率
2020,韩国,97.0,互联网普及率
2021,韩国,98.0,互联网普及率
2022,韩国,98.0,互联网普及率
2023,韩国,99.0,互联网普及率
2024,韩国,99.0,互联网普及率
2025,韩国,99.0,互联网普及率
2016,中国,100.0,企业研发支出
2017,中国,150.0,企业研发支出
2018,中国,200.0,企业研发支出
2019,中国,250.0,企业研发支出
2020,中国,300.0,企业研发支出
2021,中国,350.0,企业研发支出
2022,中国,400.0,企业研发支出
2023,中国,450.0,企业研发支出
2024,中国,500.0,企业研发支出
2025,中国,550.0,企业研发支出
2016,加拿大,15.0,企业研发支出
2017,加拿大,18.0,企业研发支出
2018,加拿大,20.0,企业研发支出
2019,加拿大,22.0,企业研发支出
2020,加拿大,25.0,企业研发支出
2021,加拿大,30.0,企业研发支出
2022,加拿大,35.0,企业研发支出
2023,加拿大,40.0,企业研发支出
2024,加拿大,45.0,企业研发支出
2025,加拿大,50.0,企业研发支出
2016,印度,10.0,企业研发支出
2017,印度,12.0,企业研发支出
2018,印度,15.0,企业研发支出
2019,印度,18.0,企业研发支出
2020,印度,20.0,企业研发支出
2021,印度,25.0,企业研发支出
2022,印度,30.0,企业研发支出
2023,印度,35.0,企业研发支出
2024,印度,40.0,企业研发支出
2025,印度,45.0,企业研发支出
2016,德国,50.0,企业研发支出
2017,德国,55.0,企业研发支出
2018,德国,60.0,企业研发支出
2019,德国,65.0,企业研发支出
2020,德国,70.0,企业研发支出
2021,德国,75.0,企业研发支出
2022,德国,80.0,企业研发支出
2023,德国,85.0,企业研发支出
2024,德国,90.0,企业研发支出
2025,德国,95.0,企业研发支出
2016,日本,80.0,企业研发支出
2017,日本,85.0,企业研发支出
2018,日本,90.0,企业研发支出
2019,日本,95.0,企业研发支出
2020,日本,100.0,企业研发支出
2021,日本,105.0,企业研发支出
2022,日本,110.0,企业研发支出
2023,日本,115.0,企业研发支出
2024,日本,120.0,企业研发支出
2025,日本,125.0,企业研发支出
2016,法国,25.0,企业研发支出
2017,法国,30.0,企业研发支出
2018,法国,35.0,企业研发支出
2019,法国,40.0,企业研发支出
2020,法国,45.0,企业研发支出
2021,法国,50.0,企业研发支出
2022,法国,55.0,企业研发支出
2023,法国,60.0,企业研发支出
2024,法国,65.0,企业研发支出
2025,法国,70.0,企业研发支出
2016,美国,250.0,企业研发支出
2017,美国,300.0,企业研发支出
2018,美国,350.0,企业研发支出
2019,美国,400.0,企业研发支出
2020,美国,450.0,企业研发支出
2021,美国,500.0,企业研发支出
2022,美国,550.0,企业研发支出
2023,美国,600.0,企业研发支出
2024,美国,650.0,企业研发支出
2025,美国,700.0,企业研发支出
2016,英国,20.0,企业研发支出
2017,英国,25.0,企业研发支出
2018,英国,30.0,企业研发支出
2019,英国,35.0,企业研发支出
2020,英国,40.0,企业研发支出
2021,英国,45.0,企业研发支出
2022,英国,50.0,企业研发支出
2023,英国,55.0,企业研发支出
2024,英国,60.0,企业研发支出
2025,英国,65.0,企业研发支出
2016,阿联酋,2.0,企业研发支出
2017,阿联酋,3.0,企业研发支出
2018,阿联酋,5.0,企业研发支出
2019,阿联酋,7.0,企业研发支出
2020,阿联酋,10.0,企业研发支出
2021,阿联酋,15.0,企业研发支出
2022,阿联酋,20.0,企业研发支出
2023,阿联酋,25.0,企业研发支出
2024,阿联酋,30.0,企业研发支出
2025,阿联酋,35.0,企业研发支出
2016,韩国,30.0,企业研发支出
2017,韩国,35.0,企业研发支出
2018,韩国,40.0,企业研发支出
2019,韩国,45.0,企业研发支出
2020,韩国,50.0,企业研发支出
2021,韩国,55.0,企业研发支出
2022,韩国,60.0,企业研发支出
2023,韩国,65.0,企业研发支出
2024,韩国,70.0,企业研发支出
2025,韩国,75.0,企业研发支出
2016,中国,1105.817,国际AI投资
2017,中国,1993.345,国际AI投资
2018,中国,3807.741,国际AI投资
2019,中国,2190.034,国际AI投资
2020,中国,4551.189,国际AI投资
2021,中国,7223.848,国际AI投资
2022,中国,5901.307,国际AI投资
2023,中国,3185.009,国际AI投资
2024,中国,3056.784,国际AI投资
2025,中国,2813.466,国际AI投资
2016,加拿大,85.0,国际AI投资
2017,加拿大,115.0,国际AI投资
2018,加拿大,150.0,国际AI投资
2019,加拿大,180.0,国际AI投资
2020,加拿大,230.0,国际AI投资
2021,加拿大,320.0,国际AI投资
2022,加拿大,390.0,国际AI投资
2023,加拿大,450.0,国际AI投资
2024,加拿大,560.0,国际AI投资
2025,加拿大,690.0,国际AI投资
2016,印度,70.0,国际AI投资
2017,印度,110.0,国际AI投资
2018,印度,160.0,国际AI投资
2019,印度,220.0,国际AI投资
2020,印度,300.0,国际AI投资
2021,印度,420.0,国际AI投资
2022,印度,520.0,国际AI投资
2023,印度,620.0,国际AI投资
2024,印度,720.0,国际AI投资
2025,印度,850.0,国际AI投资
2016,德国,95.0,国际AI投资
2017,德国,130.0,国际AI投资
2018,德国,180.0,国际AI投资
2019,德国,210.0,国际AI投资
2020,德国,260.0,国际AI投资
2021,德国,340.0,国际AI投资
2022,德国,410.0,国际AI投资
2023,德国,470.0,国际AI投资
2024,德国,560.0,国际AI投资
2025,德国,680.0,国际AI投资
2016,日本,110.0,国际AI投资
2017,日本,150.0,国际AI投资
2018,日本,210.0,国际AI投资
2019,日本,260.0,国际AI投资
2020,日本,310.0,国际AI投资
2021,日本,420.0,国际AI投资
2022,日本,500.0,国际AI投资
2023,日本,560.0,国际AI投资
2024,日本,650.0,国际AI投资
2025,日本,780.0,国际AI投资
2016,法国,90.0,国际AI投资
2017,法国,120.0,国际AI投资
2018,法国,160.0,国际AI投资
2019,法国,200.0,国际AI投资
2020,法国,250.0,国际AI投资
2021,法国,350.0,国际AI投资
2022,法国,430.0,国际AI投资
2023,法国,500.0,国际AI投资
2024,法国,620.0,国际AI投资
2025,法国,750.0,国际AI投资
2016,美国,1045.203,国际AI投资
2017,美国,1973.519,国际AI投资
2018,美国,3904.755,国际AI投资
2019,美国,1966.652,国际AI投资
2020,美国,2481.838,国际AI投资
2021,美国,5473.457,国际AI投资
2022,美国,4503.865,国际AI投资
2023,美国,5171.173,国际AI投资
2024,美国,8664.232,国际AI投资
2025,美国,27214.42,国际AI投资
2016,英国,120.0,国际AI投资
2017,英国,160.0,国际AI投资
2018,英国,220.0,国际AI投资
2019,英国,260.0,国际AI投资
2020,英国,320.0,国际AI投资
2021,英国,420.0,国际AI投资
2022,英国,500.0,国际AI投资
2023,英国,560.0,国际AI投资
2024,英国,650.0,国际AI投资
2025,英国,780.0,国际AI投资
2016,阿联酋,60.0,国际AI投资
2017,阿联酋,45.0,国际AI投资
2018,阿联酋,70.0,国际AI投资
2019,阿联酋,90.0,国际AI投资
2020,阿联酋,140.0,国际AI投资
2021,阿联酋,220.0,国际AI投资
2022,阿联酋,260.0,国际AI投资
2023,阿联酋,300.0,国际AI投资
2024,阿联酋,350.0,国际AI投资
2025,阿联酋,420.0,国际AI投资
2016,韩国,80.0,国际AI投资
2017,韩国,110.0,国际AI投资
2018,韩国,150.0,国际AI投资
2019,韩国,190.0,国际AI投资
2020,韩国,240.0,国际AI投资
2021,韩国,330.0,国际AI投资
2022,韩国,390.0,国际AI投资
2023,韩国,450.0,国际AI投资
2024,韩国,540.0,国际AI投资
2025,韩国,660.0,国际AI投资
2016,中国,2.0,大模型数量
2017,中国,5.0,大模型数量
2018,中国,10.0,大模型数量
2019,中国,20.0,大模型数量
2020,中国,50.0,大模型数量
2021,中国,100.0,大模型数量
2022,中国,200.0,大模型数量
2023,中国,500.0,大模型数量
2024,中国,112.0,大模型数量
2025,中国,1509.0,大模型数量
2016,加拿大,1.0,大模型数量
2017,加拿大,2.0,大模型数量
2018,加拿大,2.0,大模型数量
2019,加拿大,3.0,大模型数量
2020,加拿大,4.0,大模型数量
2021,加拿大,5.0,大模型数量
2022,加拿大,6.0,大模型数量
2023,加拿大,7.0,大模型数量
2024,加拿大,7.0,大模型数量
2025,加拿大,10.0,大模型数量
2016,印度,0.0,大模型数量
2017,印度,1.0,大模型数量
2018,印度,1.0,大模型数量
2019,印度,2.0,大模型数量
2020,印度,3.0,大模型数量
2021,印度,5.0,大模型数量
2022,印度,7.0,大模型数量
2023,印度,10.0,大模型数量
2024,印度,12.0,大模型数量
2025,印度,15.0,大模型数量
2016,德国,1.0,大模型数量
2017,德国,1.0,大模型数量
2018,德国,2.0,大模型数量
2019,德国,3.0,大模型数量
2020,德国,4.0,大模型数量
2021,德国,5.0,大模型数量
2022,德国,7.0,大模型数量
2023,德国,10.0,大模型数量
2024,德国,12.0,大模型数量
2025,德国,15.0,大模型数量
2016,日本,1.0,大模型数量
2017,日本,1.0,大模型数量
2018,日本,2.0,大模型数量
2019,日本,3.0,大模型数量
2020,日本,4.0,大模型数量
2021,日本,5.0,大模型数量
2022,日本,7.0,大模型数量
2023,日本,10.0,大模型数量
2024,日本,12.0,大模型数量
2025,日本,15.0,大模型数量
2016,法国,1.0,大模型数量
2017,法国,1.0,大模型数量
2018,法国,2.0,大模型数量
2019,法国,3.0,大模型数量
2020,法国,4.0,大模型数量
2021,法国,5.0,大模型数量
2022,法国,7.0,大模型数量
2023,法国,10.0,大模型数量
2024,法国,18.0,大模型数量
2025,法国,20.0,大模型数量
2016,美国,5.0,大模型数量
2017,美国,10.0,大模型数量
2018,美国,15.0,大模型数量
2019,美国,20.0,大模型数量
2020,美国,30.0,大模型数量
2021,美国,50.0,大模型数量
2022,美国,80.0,大模型数量
2023,美国,120.0,大模型数量
2024,美国,154.0,大模型数量
2025,美国,200.0,大模型数量
2016,英国,1.0,大模型数量
2017,英国,2.0,大模型数量
2018,英国,3.0,大模型数量
2019,英国,4.0,大模型数量
2020,英国,5.0,大模型数量
2021,英国,7.0,大模型数量
2022,英国,10.0,大模型数量
2023,英国,12.0,大模型数量
2024,英国,15.0,大模型数量
2025,英国,20.0,大模型数量
2016,阿联酋,0.0,大模型数量
2017,阿联酋,0.0,大模型数量
2018,阿联酋,1.0,大模型数量
2019,阿联酋,1.0,大模型数量
2020,阿联酋,2.0,大模型数量
2021,阿联酋,3.0,大模型数量
2022,阿联酋,4.0,大模型数量
2023,阿联酋,5.0,大模型数量
2024,阿联酋,7.0,大模型数量
2025,阿联酋,10.0,大模型数量
2016,韩国,0.0,大模型数量
2017,韩国,1.0,大模型数量
2018,韩国,1.0,大模型数量
2019,韩国,2.0,大模型数量
2020,韩国,3.0,大模型数量
2021,韩国,5.0,大模型数量
2022,韩国,7.0,大模型数量
2023,韩国,10.0,大模型数量
2024,韩国,13.0,大模型数量
2025,韩国,15.0,大模型数量
2016,中国,10.0,政府AI投资
2017,中国,15.0,政府AI投资
2018,中国,20.0,政府AI投资
2019,中国,25.0,政府AI投资
2020,中国,30.0,政府AI投资
2021,中国,40.0,政府AI投资
2022,中国,50.0,政府AI投资
2023,中国,60.0,政府AI投资
2024,中国,70.0,政府AI投资
2025,中国,80.0,政府AI投资
2016,加拿大,0.5,政府AI投资
2017,加拿大,0.7,政府AI投资
2018,加拿大,1.0,政府AI投资
2019,加拿大,1.2,政府AI投资
2020,加拿大,1.5,政府AI投资
2021,加拿大,2.0,政府AI投资
2022,加拿大,2.4,政府AI投资
2023,加拿大,2.4,政府AI投资
2024,加拿大,2.4,政府AI投资
2025,加拿大,2.4,政府AI投资
2016,印度,0.2,政府AI投资
2017,印度,0.3,政府AI投资
2018,印度,0.5,政府AI投资
2019,印度,0.7,政府AI投资
2020,印度,1.0,政府AI投资
2021,印度,1.5,政府AI投资
2022,印度,2.0,政府AI投资
2023,印度,2.5,政府AI投资
2024,印度,3.0,政府AI投资
2025,印度,1.25,政府AI投资
2016,德国,0.8,政府AI投资
2017,德国,1.0,政府AI投资
2018,德国,1.2,政府AI投资
2019,德国,1.5,政府AI投资
2020,德国,2.0,政府AI投资
2021,德国,2.5,政府AI投资
2022,德国,3.0,政府AI投资
2023,德国,3.5,政府AI投资
2024,德国,4.0,政府AI投资
2025,德国,4.5,政府AI投资
2016,日本,0.6,政府AI投资
2017,日本,0.8,政府AI投资
2018,日本,1.0,政府AI投资
2019,日本,1.2,政府AI投资
2020,日本,1.5,政府AI投资
2021,日本,2.0,政府AI投资
2022,日本,2.5,政府AI投资
2023,日本,3.0,政府AI投资
2024,日本,3.5,政府AI投资
2025,日本,4.0,政府AI投资
2016,法国,0.4,政府AI投资
2017,法国,0.5,政府AI投资
2018,法国,0.7,政府AI投资
2019,法国,1.0,政府AI投资
2020,法国,1.5,政府AI投资
2021,法国,2.0,政府AI投资
2022,法国,3.0,政府AI投资
2023,法国,5.0,政府AI投资
2024,法国,10.0,政府AI投资
2025,法国,10.9,政府AI投资
2016,美国,5.0,政府AI投资
2017,美国,6.0,政府AI投资
2018,美国,8.0,政府AI投资
2019,美国,10.0,政府AI投资
2020,美国,15.0,政府AI投资
2021,美国,20.0,政府AI投资
2022,美国,25.0,政府AI投资
2023,美国,30.0,政府AI投资
2024,美国,35.0,政府AI投资
2025,美国,40.0,政府AI投资
2016,英国,1.0,政府AI投资
2017,英国,1.2,政府AI投资
2018,英国,1.5,政府AI投资
2019,英国,2.0,政府AI投资
2020,英国,2.5,政府AI投资
2021,英国,3.0,政府AI投资
2022,英国,3.5,政府AI投资
2023,英国,4.0,政府AI投资
2024,英国,4.5,政府AI投资
2025,英国,5.0,政府AI投资
2016,阿联酋,0.1,政府AI投资
2017,阿联酋,0.2,政府AI投资
2018,阿联酋,0.5,政府AI投资
2019,阿联酋,1.0,政府AI投资
2020,阿联酋,2.0,政府AI投资
2021,阿联酋,5.0,政府AI投资
2022,阿联酋,10.0,政府AI投资
2023,阿联酋,15.0,政府AI投资
2024,阿联酋,20.0,政府AI投资
2025,阿联酋,25.0,政府AI投资
2016,韩国,0.5,政府AI投资
2017,韩国,0.7,政府AI投资
2018,韩国,1.0,政府AI投资
2019,韩国,1.2,政府AI投资
2020,韩国,1.5,政府AI投资
2021,韩国,2.0,政府AI投资
2022,韩国,2.5,政府AI投资
2023,韩国,3.0,政府AI投资
2024,韩国,3.5,政府AI投资
2025,韩国,4.0,政府AI投资
2016,中国,20.0,数据中心数量
2017,中国,28.0,数据中心数量
2018,中国,40.0,数据中心数量
2019,中国,65.0,数据中心数量
2020,中国,95.0,数据中心数量
2021,中国,135.0,数据中心数量
2022,中国,175.0,数据中心数量
2023,中国,215.0,数据中心数量
2024,中国,244.0,数据中心数量
2025,中国,252.0,数据中心数量
2016,加拿大,40.0,数据中心数量
2017,加拿大,48.0,数据中心数量
2018,加拿大,60.0,数据中心数量
2019,加拿大,85.0,数据中心数量
2020,加拿大,120.0,数据中心数量
2021,加拿大,165.0,数据中心数量
2022,加拿大,200.0,数据中心数量
2023,加拿大,225.0,数据中心数量
2024,加拿大,237.0,数据中心数量
2025,加拿大,245.0,数据中心数量
2016,印度,4.0,数据中心数量
2017,印度,6.0,数据中心数量
2018,印度,9.0,数据中心数量
2019,印度,15.0,数据中心数量
2020,印度,22.0,数据中心数量
2021,印度,30.0,数据中心数量
2022,印度,38.0,数据中心数量
2023,印度,45.0,数据中心数量
2024,印度,50.0,数据中心数量
2025,印度,55.0,数据中心数量
2016,德国,45.0,数据中心数量
2017,德国,50.0,数据中心数量
2018,德国,58.0,数据中心数量
2019,德国,68.0,数据中心数量
2020,德国,80.0,数据中心数量
2021,德国,90.0,数据中心数量
2022,德国,95.0,数据中心数量
2023,德国,100.0,数据中心数量
2024,德国,102.0,数据中心数量
2025,德国,102.0,数据中心数量
2016,日本,18.0,数据中心数量
2017,日本,25.0,数据中心数量
2018,日本,35.0,数据中心数量
2019,日本,60.0,数据中心数量
2020,日本,95.0,数据中心数量
2021,日本,135.0,数据中心数量
2022,日本,175.0,数据中心数量
2023,日本,205.0,数据中心数量
2024,日本,219.0,数据中心数量
2025,日本,219.0,数据中心数量
2016,法国,30.0,数据中心数量
2017,法国,38.0,数据中心数量
2018,法国,50.0,数据中心数量
2019,法国,75.0,数据中心数量
2020,法国,110.0,数据中心数量
2021,法国,160.0,数据中心数量
2022,法国,210.0,数据中心数量
2023,法国,260.0,数据中心数量
2024,法国,290.0,数据中心数量
2025,法国,308.0,数据中心数量
2016,美国,55.0,数据中心数量
2017,美国,68.0,数据中心数量
2018,美国,85.0,数据中心数量
2019,美国,110.0,数据中心数量
2020,美国,145.0,数据中心数量
2021,美国,185.0,数据中心数量
2022,美国,220.0,数据中心数量
2023,美国,250.0,数据中心数量
2024,美国,279.0,数据中心数量
2025,美国,298.0,数据中心数量
2016,英国,29.0,数据中心数量
2017,英国,35.0,数据中心数量
2018,英国,45.0,数据中心数量
2019,英国,65.0,数据中心数量
2020,英国,90.0,数据中心数量
2021,英国,115.0,数据中心数量
2022,英国,140.0,数据中心数量
2023,英国,155.0,数据中心数量
2024,英国,163.0,数据中心数量
2025,英国,163.0,数据中心数量
2016,阿联酋,30.0,数据中心数量
2017,阿联酋,36.0,数据中心数量
2018,阿联酋,45.0,数据中心数量
2019,阿联酋,70.0,数据中心数量
2020,阿联酋,110.0,数据中心数量
2021,阿联酋,165.0,数据中心数量
2022,阿联酋,220.0,数据中心数量
2023,阿联酋,275.0,数据中心数量
2024,阿联酋,313.0,数据中心数量
2025,阿联酋,318.0,数据中心数量
2016,韩国,29.0,数据中心数量
2017,韩国,34.0,数据中心数量
2018,韩国,42.0,数据中心数量
2019,韩国,55.0,数据中心数量
2020,韩国,75.0,数据中心数量
2021,韩国,105.0,数据中心数量
2022,韩国,135.0,数据中心数量
2023,韩国,155.0,数据中心数量
2024,韩国,173.0,数据中心数量
2025,韩国,234.0,数据中心数量
2016,中国,5632.0,电能生产
2017,中国,6046.0,电能生产
2018,中国,6477.0,电能生产
2019,中国,6807.0,电能生产
2020,中国,6939.0,电能生产
2021,中国,7418.0,电能生产
2022,中国,7609.0,电能生产
2023,中国,8258.0,电能生产
2024,中国,8500.0,电能生产
2025,中国,8800.0,电能生产
2016,加拿大,757.0,电能生产
2017,加拿大,758.0,电能生产
2018,加拿大,762.0,电能生产
2019,加拿大,755.0,电能生产
2020,加拿大,756.0,电能生产
2021,加拿大,755.0,电能生产
2022,加拿大,758.0,电能生产
2023,加拿大,725.0,电能生产
2024,加拿大,709.0,电能生产
2025,加拿大,720.0,电能生产
2016,印度,1455.0,电能生产
2017,印度,1490.0,电能生产
2018,印度,1567.0,电能生产
2019,印度,1603.0,电能生产
2020,印度,1588.0,电能生产
2021,印度,1667.0,电能生产
2022,印度,1736.0,电能生产
2023,印度,1820.0,电能生产
2024,印度,1865.0,电能生产
2025,印度,1920.0,电能生产
2016,德国,648.0,电能生产
2017,德国,655.0,电能生产
2018,德国,646.0,电能生产
2019,德国,612.0,电能生产
2020,德国,571.0,电能生产
2021,德国,585.0,电能生产
2022,德国,586.0,电能生产
2023,德国,567.0,电能生产
2024,德国,592.0,电能生产
2025,德国,610.0,电能生产
2016,日本,1016.0,电能生产
2017,日本,1047.0,电能生产
2018,日本,1084.0,电能生产
2019,日本,1068.0,电能生产
2020,日本,1029.0,电能生产
2021,日本,1034.0,电能生产
2022,日本,1040.0,电能生产
2023,日本,1007.0,电能生产
2024,日本,1010.0,电能生产
2025,日本,1025.0,电能生产
2016,法国,519.0,电能生产
2017,法国,537.0,电能生产
2018,法国,549.0,电能生产
2019,法国,537.0,电能生产
2020,法国,497.0,电能生产
2021,法国,536.0,电能生产
2022,法国,445.0,电能生产
2023,法国,517.0,电能生产
2024,法国,541.0,电能生产
2025,法国,555.0,电能生产
2016,美国,4089.0,电能生产
2017,美国,4058.0,电能生产
2018,美国,4179.0,电能生产
2019,美国,4124.0,电能生产
2020,美国,4005.0,电能生产
2021,美国,4120.0,电能生产
2022,美国,4187.0,电能生产
2023,美国,4194.0,电能生产
2024,美国,4245.0,电能生产
2025,美国,4300.0,电能生产
2016,英国,335.0,电能生产
2017,英国,336.0,电能生产
2018,英国,335.0,电能生产
2019,英国,323.0,电能生产
2020,英国,312.0,电能生产
2021,英国,329.0,电能生产
2022,英国,338.0,电能生产
2023,英国,329.0,电能生产
2024,英国,324.0,电能生产
2025,英国,330.0,电能生产
2016,阿联酋,130.0,电能生产
2017,阿联酋,134.0,电能生产
2018,阿联酋,136.0,电能生产
2019,阿联酋,138.0,电能生产
2020,阿联酋,137.0,电能生产
2021,阿联酋,143.0,电能生产
2022,阿联酋,148.0,电能生产
2023,阿联酋,167.0,电能生产
2024,阿联酋,177.0,电能生产
2025,阿联酋,185.0,电能生产
2016,韩国,574.0,电能生产
2017,韩国,579.0,电能生产
2018,韩国,604.0,电能生产
2019,韩国,585.0,电能生产
2020,韩国,563.0,电能生产
2021,韩国,576.0,电能生产
2022,韩国,594.0,电能生产
2023,韩国,601.0,电能生产
2024,韩国,607.0,电能生产
2025,韩国,615.0,电能生产
2016,中国,80.0,顶尖AI学者数量
2017,中国,100.0,顶尖AI学者数量
2018,中国,125.0,顶尖AI学者数量
2019,中国,150.0,顶尖AI学者数量
2020,中国,171.0,顶尖AI学者数量
2021,中国,222.0,顶尖AI学者数量
2022,中国,232.0,顶尖AI学者数量
2023,中国,276.0,顶尖AI学者数量
2024,中国,300.0,顶尖AI学者数量
2025,中国,330.0,顶尖AI学者数量
2016,加拿大,15.0,顶尖AI学者数量
2017,加拿大,20.0,顶尖AI学者数量
2018,加拿大,28.0,顶尖AI学者数量
2019,加拿大,35.0,顶尖AI学者数量
2020,加拿大,40.0,顶尖AI学者数量
2021,加拿大,46.0,顶尖AI学者数量
2022,加拿大,45.0,顶尖AI学者数量
2023,加拿大,41.0,顶尖AI学者数量
2024,加拿大,40.0,顶尖AI学者数量
2025,加拿大,39.0,顶尖AI学者数量
2016,印度,2.0,顶尖AI学者数量
2017,印度,3.0,顶尖AI学者数量
2018,印度,4.0,顶尖AI学者数量
2019,印度,4.0,顶尖AI学者数量
2020,印度,5.0,顶尖AI学者数量
2021,印度,5.0,顶尖AI学者数量
2022,印度,10.0,顶尖AI学者数量
2023,印度,10.0,顶尖AI学者数量
2024,印度,10.0,顶尖AI学者数量
2025,印度,12.0,顶尖AI学者数量
2016,德国,20.0,顶尖AI学者数量
2017,德国,25.0,顶尖AI学者数量
2018,德国,30.0,顶尖AI学者数量
2019,德国,38.0,顶尖AI学者数量
2020,德国,44.0,顶尖AI学者数量
2021,德国,45.0,顶尖AI学者数量
2022,德国,48.0,顶尖AI学者数量
2023,德国,46.0,顶尖AI学者数量
2024,德国,45.0,顶尖AI学者数量
2025,德国,44.0,顶尖AI学者数量
2016,日本,10.0,顶尖AI学者数量
2017,日本,12.0,顶尖AI学者数量
2018,日本,14.0,顶尖AI学者数量
2019,日本,16.0,顶尖AI学者数量
2020,日本,17.0,顶尖AI学者数量
2021,日本,15.0,顶尖AI学者数量
2022,日本,16.0,顶尖AI学者数量
2023,日本,18.0,顶尖AI学者数量
2024,日本,20.0,顶尖AI学者数量
2025,日本,22.0,顶尖AI学者数量
2016,法国,10.0,顶尖AI学者数量
2017,法国,12.0,顶尖AI学者数量
2018,法国,14.0,顶尖AI学者数量
2019,法国,16.0,顶尖AI学者数量
2020,法国,18.0,顶尖AI学者数量
2021,法国,21.0,顶尖AI学者数量
2022,法国,24.0,顶尖AI学者数量
2023,法国,24.0,顶尖AI学者数量
2024,法国,25.0,顶尖AI学者数量
2025,法国,26.0,顶尖AI学者数量
2016,美国,600.0,顶尖AI学者数量
2017,美国,750.0,顶尖AI学者数量
2018,美国,900.0,顶尖AI学者数量
2019,美国,1050.0,顶尖AI学者数量
2020,美国,1128.0,顶尖AI学者数量
2021,美国,1164.0,顶尖AI学者数量
2022,美国,1146.0,顶尖AI学者数量
2023,美国,1079.0,顶尖AI学者数量
2024,美国,1000.0,顶尖AI学者数量
2025,美国,980.0,顶尖AI学者数量
2016,英国,30.0,顶尖AI学者数量
2017,英国,35.0,顶尖AI学者数量
2018,英国,42.0,顶尖AI学者数量
2019,英国,50.0,顶尖AI学者数量
2020,英国,56.0,顶尖AI学者数量
2021,英国,60.0,顶尖AI学者数量
2022,英国,66.0,顶尖AI学者数量
2023,英国,62.0,顶尖AI学者数量
2024,英国,60.0,顶尖AI学者数量
2025,英国,58.0,顶尖AI学者数量
2016,阿联酋,1.0,顶尖AI学者数量
2017,阿联酋,2.0,顶尖AI学者数量
2018,阿联酋,3.0,顶尖AI学者数量
2019,阿联酋,4.0,顶尖AI学者数量
2020,阿联酋,5.0,顶尖AI学者数量
2021,阿联酋,5.0,顶尖AI学者数量
2022,阿联酋,5.0,顶尖AI学者数量
2023,阿联酋,10.0,顶尖AI学者数量
2024,阿联酋,10.0,顶尖AI学者数量
2025,阿联酋,12.0,顶尖AI学者数量
2016,韩国,5.0,顶尖AI学者数量
2017,韩国,6.0,顶尖AI学者数量
2018,韩国,7.0,顶尖AI学者数量
2019,韩国,8.0,顶尖AI学者数量
2020,韩国,9.0,顶尖AI学者数量
2021,韩国,12.0,顶尖AI学者数量
2022,韩国,14.0,顶尖AI学者数量
2023,韩国,15.0,顶尖AI学者数量
2024,韩国,15.0,顶尖AI学者数量
2025,韩国,16.0,顶尖AI学者数量
